name,unit,outage_status,capacity,day prog,day gen,month cumm prog,month cumm gen,coal stock,cap under outage,outage_day_time,expected_resync,remarks,datetime
RAJGHAT TPS,1,L,67.5,0.00,0.00,0.00,0.00,,67.5,08/05/2015 13:40,,RSD/LOW SCHEDULE,2017-12-16
RAJGHAT TPS,2,L,67.5,0.00,0.00,0.00,0.00,,67.5,21/05/2015 10:20,,RSD/LOW SCHEDULE,2017-12-16
I.P.CCPP,,,270.00,2.07,1.10,501.12,444.46,,,,,,2017-12-16
PRAGATI CCGT-III,,,1500.00,6.12,10.28,1565.92,2126.19,,,,,,2017-12-16
PRAGATI CCPP,,,330.40,5.45,6.67,1426.20,1378.12,,,,,,2017-12-16
RITHALA CCPP,,,108.00,0.0,0.00,0.00,0.00,108.00,,,,,2017-12-16
BADARPUR TPS,1,L,95.0,0.00,0.00,0.00,0.00,,95.0,17/10/2014 18:16,,POLLUTION PROBLEM,2017-12-16
BADARPUR TPS,2,L,95.0,0.00,0.00,0.00,0.00,,95.0,24/09/2015 19:52,,POLLUTION PROBLEM,2017-12-16
BADARPUR TPS,3,L,95.0,0.00,0.00,0.00,0.00,,95.0,09/10/2015 19:52,,POLLUTION PROBLEM,2017-12-16
BADARPUR TPS,4,L,210.0,2.90,0.00,754.40,717.84,,210.0,16/10/2017 23:32,,POLLUTION PROBLEM,2017-12-16
BADARPUR TPS,5,L,210.0,2.89,0.00,696.57,839.13,,210.0,16/10/2017 23:59,,POLLUTION PROBLEM,2017-12-16
PANIPAT TPS,,,920.00,4.67,9.58,1222.72,1830.22,12,670.00,,,,2017-12-16
PANIPAT TPS,5,L,210.0,0.00,0.00,0.00,76.06,,210.0,15/10/2017 01:,,"RESERVE SHUT DOWN / STANDBYUNIT",2017-12-16
PANIPAT TPS,5,L,210.00,0.00,0.00,0.00,76.06,,210.0,02,,"RESERVE SHUT DOWN / STANDBYUNIT",2017-12-16
PANIPAT TPS,6,L,210.00,0.00,0.00,0.00,260.14,,210.0,06/11/2017 19:41,,"RESERVE SHUT DOWN / STANDBYUNIT",2017-12-16
PANIPAT TPS,7,S,250.00,2.19,4.05,571.04,1020.43,,250.0,16/12/2017 18:16,"17/12/201700.00.00","RESERVE SHUT DOWN / STANDBYUNIT",2017-12-16
PANIPAT TPS,8,,250.00,2.48,5.53,651.68,473.59,,,,,,2017-12-16
RAJIV GANDHI TPS,1,,600.00,7.58,10.59,1704.28,1268.28,,,,,,2017-12-16
RAJIV GANDHI TPS,2,,600.00,6.84,10.42,1777.44,1475.49,,,,,,2017-12-16
YAMUNA NAGAR TPS,1,,300.00,4.94,6.36,1283.04,1148.19,,,,,,2017-12-16
YAMUNA NAGAR TPS,2,,300.00,4.94,6.36,1283.04,1365.66,,,,,,2017-12-16
MAHATMA GANDHI TPS,1,,660.00,6.03,13.05,1478.48,2472.09,,,,,,2017-12-16
MAHATMA GANDHI TPS,2,*,660.00,5.94,6.86,1374.04,2283.19,,,13/12/2017 15:58,"16/12/201709.31.00",WATER WALL TUBE LEAKAGE,2017-12-16
INDIRA GANDHI STPP,1,,500.00,5.26,8.99,1368.16,2026.80,,,,,,2017-12-16
INDIRA GANDHI STPP,2,,500.00,4.97,9.31,1283.52,1576.31,,,,,,2017-12-16
INDIRA GANDHI STPP,3,,500.00,4.90,9.03,1274.40,1783.19,,,,,,2017-12-16
FARIDABAD CCPP,,,431.59,3.42,0.00,890.72,598.90,137.76,,,,,2017-12-16
BASSI  HPS,,,66.00,0.29,0.30,269.64,293.42,,,,,,2017-12-16
BHAKRA H  P S,,,1325.00,10.87,12.42,3543.92,3756.29,265.0,,,,,2017-12-16
DEHAR H P S,,,990.00,3.26,3.92,2502.16,2788.86,495.0,,,,,2017-12-16
GIRI BATA HPS,,,60.00,0.29,0.30,155.64,149.89,,,,,,2017-12-16
KASHANG INTEGRATED HEP,,,195.00,0.39,0.19,218.24,183.40,,,,,,2017-12-16
LARJI  HPS,,,126.0,0.58,0.77,524.28,554.93,,,,,,2017-12-16
PONG H P S,,,396.0,3.10,5.42,704.60,1100.69,,,,,,2017-12-16
SAINJ HPS,,,100.0,0.16,0.44,286.56,106.43,,,,,,2017-12-16
SANJAY  HPS,,,120.0,0.58,0.75,469.28,426.75,40.0,,,,,2017-12-16
UHL-III HPS,,,0.0,0.00,0.00,0.00,0.00,,,,,,2017-12-16
ALLAIN DUHANGAN  HPS,,,192.0,0.87,0.59,626.92,644.18,96.0,,,,,2017-12-16
BASPA  HPS,,,300.0,1.13,1.28,1148.08,1233.23,,,,,,2017-12-16
BUDHIL HPS,,,70.0,0.19,0.16,261.04,278.08,35.0,,,,,2017-12-16
CHANJU-I HPS,,,36.0,0.00,0.00,0.00,69.39,,,,,,2017-12-16
KARCHAM WANGTOO HPS,,,1000.0,4.10,4.37,3875.60,4203.54,,,,,,2017-12-16
MALANA  HPS,,,86.0,0.23,0.28,318.68,325.87,,,,,,2017-12-16
MALANA-II  HPS,,,100.0,0.10,0.00,347.60,351.59,100.0,,,,,2017-12-16
SORANG HPS,,,0.0,0.00,0.00,0.00,0.00,,,,,,2017-12-16
TIDONG HPS,,,0.0,0.65,0.00,162.40,0.00,,,,,,2017-12-16
BAIRA SIUL  HPS,,,180.0,0.48,0.48,563.68,577.11,60.0,,,,,2017-12-16
CHAMERA- I  HPS,,,540.0,1.68,1.76,2072.88,2144.98,,,,,,2017-12-16
CHAMERA- II  HPS,,,300.0,1.29,1.41,1295.64,1358.53,100.0,,,,,2017-12-16
CHAMERA-III HPS,,,231.0,1.19,0.83,951.04,985.98,,,,,,2017-12-16
KOLDAM,,,800.0,2.45,2.99,2763.20,3047.70,,,,,,2017-12-16
NATHPA JHAKRI HPS,,,1500.0,8.06,7.54,6066.96,6523.05,,,,,,2017-12-16
PARBATI-III HPS,,,520.0,0.61,0.41,616.76,669.89,,,,,,2017-12-16
RAMPUR HPS,,,412.02,2.16,2.14,1657.56,1825.32,,,,,,2017-12-16
PAMPORE GPS (Liq.),,,175.0,0.00,0.00,0.00,0.00,,,,,,2017-12-16
BAGLIHAR  HPS,,,450.00,3.42,3.60,2005.72,2348.58,,,,,,2017-12-16
BAGLIHAR II  HPS,,,450.00,0.00,0.00,1302.00,1638.63,150.00,,,,,2017-12-16
LOWER JHELUM  HPS,,,105.00,1.58,0.75,426.28,401.95,,,,,,2017-12-16
UPPER SINDH-II HPS,,,105.00,0.23,0.28,263.68,303.74,,,,,,2017-12-16
CHUTAK HPS,,,44.00,0.16,0.18,32.56,31.20,33.00,,,,,2017-12-16
DULHASTI  HPS,,,390.00,3.06,2.96,1896.96,2065.70,,,,,,2017-12-16
KISHENGANGA HPS,,,0.00,0.48,0.00,357.68,0.00,,,,,,2017-12-16
NIMMO BAZGO HPS,,,45.00,0.32,0.41,54.12,60.53,15.00,,,,,2017-12-16
SALAL  HPS,,,690.00,3.06,3.33,2868.96,2960.15,115.00,,,,,2017-12-16
SEWA-II  HPS,,,120.00,0.23,0.38,377.68,432.22,,,,,,2017-12-16
URI-I HPS,,,480.00,2.74,2.90,2157.84,2014.70,120.00,,,,,2017-12-16
URI-II HPS,,,240.00,1.32,1.79,844.12,1016.85,120.00,,,,,2017-12-16
GH TPS (LEH.MOH.),1,L,210.00,2.13,0.00,547.08,322.78,,210.0,10/10/2017 13:56,,RSD/LOW SCHEDULE,2017-12-16
GH TPS (LEH.MOH.),2,L,210.00,2.13,0.00,547.08,345.56,,210.0,16/10/2017 05:40,,RSD/LOW SCHEDULE,2017-12-16
GH TPS (LEH.MOH.),3,L,250.00,3.26,0.00,848.16,777.66,,250.0,09/11/2017 21:10,,RSD/LOW SCHEDULE,2017-12-16
GH TPS (LEH.MOH.),4,L,250.00,2.87,0.00,745.92,552.41,,250.0,20/10/2017 19:09,,RSD/LOW SCHEDULE,2017-12-16
GND TPS(BHATINDA),1,L,110.00,0.26,0.00,64.16,10.20,,110.0,27/09/2017 08:40,,COAL SHORTAGE,2017-12-16
GND TPS(BHATINDA),2,L,110.00,0.26,0.00,64.16,16.05,,110.0,25/09/2017 14:09,,COAL SHORTAGE,2017-12-16
GND TPS(BHATINDA),3,L,110.00,0.29,0.00,76.64,170.21,,110.0,22/09/2017 01:02,,COAL SHORTAGE,2017-12-16
GND TPS(BHATINDA),4,L,110.00,0.29,0.00,76.64,104.87,,110.0,23/09/2017 22:35,,COAL SHORTAGE,2017-12-16
ROPAR TPS,1,L,210.0,2.03,0.00,535.48,136.74,,210.0,23/09/2017 19:50,,RSD/LOW SCHEDULE,2017-12-16
ROPAR TPS,2,L,210.0,2.03,0.00,535.48,264.37,,210.0,16/10/2017 17:15,,RSD/LOW SCHEDULE,2017-12-16
ROPAR TPS,3,L,210.0,1.81,0.00,460.96,280.34,,210.0,17/10/2017 23:20,,RSD/LOW SCHEDULE,2017-12-16
ROPAR TPS,4,L,210.0,2.03,0.00,535.48,366.40,,210.0,18/10/2017 19:25,,RSD/LOW SCHEDULE,2017-12-16
ROPAR TPS,5,L,210.0,1.81,0.00,460.96,415.36,,210.0,14/11/2017 10:35,,RSD/LOW SCHEDULE,2017-12-16
ROPAR TPS,6,L,210.0,1.81,0.00,460.96,287.01,,210.0,19/10/2017 20:35,,RSD/LOW SCHEDULE,2017-12-16
ANANDPUR SAHIB HPS,,,134.00,1.45,0.86,552.20,481.37,,,,,,2017-12-16
GANGUWAL  HPS,,,77.65,1.19,1.79,298.04,315.99,,,,,,2017-12-16
KOTLA  HPS,,,77.65,1.26,1.80,296.16,325.32,,,,,,2017-12-16
MUKERIAN  HPS,,,207.00,3.74,4.55,749.84,824.36,,,,,,2017-12-16
RANJIT SAGAR  HPS,,,600.00,2.9,2.38,1349.40,1582.28,150.00,,,,,2017-12-16
SHANAN  HPS,,,110.00,0.45,0.50,464.20,472.25,80.00,,,,,2017-12-16
GOINDWAL SAHIB TPP,1,,270.0,2.03,5.47,535.48,795.69,,,,,,2017-12-16
GOINDWAL SAHIB TPP,2,S,270.0,2.03,0.00,535.48,372.98,,270.0,12/12/2017 23:58,,"ASH HANDLING SYSTEMPROBLEM",2017-12-16
RAJPURA TPP,1,,700.0,12.03,13.87,3135.48,3354.73,,,,,,2017-12-16
RAJPURA TPP,2,,700.0,10.94,13.93,2851.04,2770.87,,,,,,2017-12-16
TALWANDI SABO TPP,1,,660.0,6.03,9.23,1568.48,2003.21,,,,,,2017-12-16
TALWANDI SABO TPP,2,,660.0,6.03,9.02,1568.48,1851.45,,,,,,2017-12-16
TALWANDI SABO TPP,3,,660.0,6.03,8.95,1568.48,1846.69,,,,,,2017-12-16
CHHABRA TPP,1,,250.0,4.77,5.75,1103.32,1022.28,,,,,,2017-12-16
CHHABRA TPP,2,,250.0,4.77,5.71,1103.32,986.93,,,,,,2017-12-16
CHHABRA TPP,3,S,250.0,4.81,0.00,1147.96,1054.15,,250.0,13/12/2017 12:28,,"GENERATOR PROTECTION RELAYOPERATION PROBLEM",2017-12-16
CHHABRA TPP,4,,250.0,4.77,5.77,1103.32,1200.10,,,,,,2017-12-16
CHHABRA TPP,5,P,660.0,6.03,0.00,1386.48,939.36,,660.0,27/11/2017 18:00,"25/12/201700.00.00",PG TEST PREPARATION,2017-12-16
GIRAL TPS,1,P,125.0,0.00,0.00,0.00,0.00,,125.0,11/07/2014 08:20,"03/06/201800.00.00",UNIT LIKELY TO BE SCRAPPED.,2017-12-16
GIRAL TPS,2,P,125.0,0.00,0.00,0.00,0.00,,125.0,27/01/2016 15:27,"12/07/201800.00.00",UNIT LIKELY TO BE SCRAPPED.,2017-12-16
KALISINDH TPS,1,,600.0,10.19,12.86,2430.04,2064.50,,,,,,2017-12-16
KALISINDH TPS,2,S,600.0,10.19,6.16,2430.04,2011.06,,600.0,16/12/2017 12:08,,WATER WALL TUBE LEAKAGE,2017-12-16
KOTA TPS,1,,110.0,1.45,2.23,349.20,273.39,,,,,,2017-12-16
KOTA TPS,2,,110.0,1.45,2.14,348.20,268.33,,,,,,2017-12-16
KOTA TPS,3,,210.0,4.52,4.07,973.32,678.19,,,,,,2017-12-16
KOTA TPS,4,,210.0,4.23,4.14,1007.68,761.63,,,,,,2017-12-16
KOTA TPS,5,S,210.0,4.23,0.00,1007.68,649.05,,210.0,04/12/2017 20:04,,AIR PREHEATERS PROBLEM,2017-12-16
KOTA TPS,6,,195.0,3.90,4.77,939.40,932.82,,,,,,2017-12-16
KOTA TPS,7,,195.0,3.77,4.69,901.32,1033.47,,,,,,2017-12-16
SURATGARH TPS,1,,250.0,0.00,5.09,652.00,846.88,,,,,,2017-12-16
SURATGARH TPS,2,S,250.0,2.65,0.00,694.40,517.88,,250.0,08/12/2017 14:36,,RSD/LOW SCHEDULE,2017-12-16
SURATGARH TPS,3,,250.0,2.65,5.04,638.40,354.74,,,,,,2017-12-16
SURATGARH TPS,4,,250.0,2.65,5.20,694.40,450.33,,,,,,2017-12-16
SURATGARH TPS,5,S,250.0,0.00,0.00,675.40,493.52,,250.0,07/12/2017 22:16,,RSD/LOW SCHEDULE,2017-12-16
SURATGARH TPS,6,,250.0,2.68,5.09,694.88,230.47,,,,,,2017-12-16
SURATGARH TPS,7,,0.0,4.10,0.00,1065.60,0.00,,,,,unit not yet commissioned,2017-12-16
SURATGARH TPS,8,,0.0,0.00,0.00,0.00,0.00,,,,,unit not yet commissioned,2017-12-16
DHOLPUR CCPP,,,330.00,0.57,0.00,141.12,245.04,330.00,,,,,2017-12-16
RAMGARH CCPP,,,273.80,4.13,4.03,1070.08,1072.49,40.50,,,,,2017-12-16
JAWAHAR SAGAR  HPS,,,99.00,1.55,1.52,117.80,127.97,,,,,,2017-12-16
MAHI BAJAJ  HPS,,,140.00,0.81,0.82,72.96,100.77,45.00,,,,,2017-12-16
R P SAGAR  HPS,,,172.00,2.26,1.82,151.16,171.81,,,,,,2017-12-16
JALIPA KAPURDI TPP,1,,135.0,2.52,2.64,604.32,575.07,,,,,,2017-12-16
JALIPA KAPURDI TPP,2,,135.0,2.48,2.74,627.68,571.18,,,,,,2017-12-16
JALIPA KAPURDI TPP,3,,135.0,2.50,2.72,628.00,582.60,,,,,,2017-12-16
JALIPA KAPURDI TPP,4,,135.0,2.48,2.73,607.68,570.52,,,,,,2017-12-16
JALIPA KAPURDI TPP,5,,135.0,2.63,2.72,595.08,585.93,,,,,,2017-12-16
JALIPA KAPURDI TPP,6,S,135.0,0.00,0.00,592.00,626.22,,135.0,14/12/2017 03:56,,BOILER MISC. PROBLEM,2017-12-16
JALIPA KAPURDI TPP,7,,135.0,2.48,2.68,627.68,580.82,,,,,,2017-12-16
JALIPA KAPURDI TPP,8,,135.0,2.48,2.67,587.68,616.70,,,,,,2017-12-16
KAWAI TPS,1,L,660.0,11.77,0.00,2766.32,1808.51,,660.0,23/09/2017 05:45,"25/12/201700.00.00",COAL SHORTAGE,2017-12-16
KAWAI TPS,2,,660.0,11.23,13.90,2821.68,2503.38,,,,,,2017-12-16
BARSINGSAR LIGNITE,1,*,125.0,2.23,2.49,513.68,575.16,,,08/12/2017 00:00,"16/12/201701.34.00",BOILER MISC. PROBLEM,2017-12-16
BARSINGSAR LIGNITE,2,S,125.0,2.26,0.00,513.16,562.64,,125.0,15/12/2017 13:04,,BOILER MISC. PROBLEM,2017-12-16
ANTA CCPP,,,419.33,1.7,0.00,422.20,362.40,419.33,,,,,2017-12-16
DAE (RAJASTHAN),1,L,100.0,0.00,0.00,0.00,0.00,,100.0,09/10/2004 22:58,,GENERATOR EARTH FAULT,2017-12-16
RAJASTHAN  A.P.S.,,,1080.00,22.15,26.72,5292.40,6445.09,,,,,,2017-12-16
RAJASTHAN  A.P.S.,2,,200.0,3.84,4.75,997.44,1052.96,,,,,,2017-12-16
RAJASTHAN  A.P.S.,3,,220.0,4.48,5.25,1167.68,1331.22,,,,,,2017-12-16
RAJASTHAN  A.P.S.,4,,220.0,4.48,5.48,983.68,1372.05,,,,,,2017-12-16
RAJASTHAN  A.P.S.,5,,220.0,3.45,5.69,1132.20,1432.18,,,,,,2017-12-16
RAJASTHAN  A.P.S.,6,,220.0,5.90,5.55,1011.40,1256.68,,,,,,2017-12-16
CHIBRO (YAMUNA)  HPS,,,240.0,1.03,1.15,693.48,694.64,180.00,,,,,2017-12-16
CHILLA  HPS,,,144.0,1.61,1.74,554.76,658.55,36.00,,,,,2017-12-16
DHAKRANI  HPS,,,33.75,0.19,0.24,113.04,112.98,22.50,,,,,2017-12-16
DHALIPUR  HPS,,,51.0,0.29,0.34,150.64,163.23,34.00,,,,,2017-12-16
KHATIMA  HPS,,,41.4,0.39,0.48,200.24,169.76,,,,,,2017-12-16
KHODRI  HPS,,,120.0,0.48,0.52,317.68,314.12,90.00,,,,,2017-12-16
KULHAL  HPS,,,30.0,0.26,0.27,115.16,104.65,20.00,,,,,2017-12-16
MANERI BHALI - I  HPS,,,90.0,0.68,0.89,296.88,325.43,,,,,,2017-12-16
MANERI BHALI - II  HPS,,,304.0,1.58,1.55,1205.28,1133.51,,,,,,2017-12-16
RAMGANGA  HPS,,,198.0,1.0,2.76,162.00,62.60,,,,,,2017-12-16
BETA CCPP,,,0.0,0.0,0.00,0.00,0.00,,,,,,2017-12-16
GAMA CCPP,,,225.0,1.1,1.44,285.60,536.36,,,,,,2017-12-16
KASHIPUR CCPP,,,225.0,1.1,2.35,285.60,1044.18,,,,,,2017-12-16
SRINAGAR HPS,,,330.0,1.58,1.78,1197.28,1261.56,,,,,,2017-12-16
VISHNU PRAYAG  HPS,,,400.0,2.0,2.23,1611.00,1977.02,,,,,,2017-12-16
DHAULI GANGA  HPS,,,280.0,1.19,1.02,990.04,1059.42,70.00,,,,,2017-12-16
KOTESHWAR HPS,,,400.0,3.23,2.57,840.68,898.35,,,,,,2017-12-16
TANAKPUR  HPS,,,94.2,0.77,0.71,382.32,402.94,31.40,,,,,2017-12-16
TEHRI ST-1  HPS,,,1000.00,9.39,7.33,2017.24,2248.16,,,,,,2017-12-16
ANPARA TPS,1,,210.0,4.03,4.51,982.48,1108.42,,,,,,2017-12-16
ANPARA TPS,2,,210.0,4.19,5.05,965.04,587.67,,,,,,2017-12-16
ANPARA TPS,3,,210.0,4.03,4.76,982.48,1113.90,,,,,,2017-12-16
ANPARA TPS,4,,500.0,11.14,11.99,2399.82,2721.56,,,,,,2017-12-16
ANPARA TPS,5,,500.0,10.29,10.32,2676.64,2095.11,,,,,,2017-12-16
ANPARA TPS,6,S,500.0,10.29,0.00,2491.64,2713.47,,500.0,15/12/2017 05:01,,"GENERATOR PROTECTION RELAYOPERATION PROBLEM",2017-12-16
ANPARA TPS,7,L,500.0,9.77,0.00,2540.32,1490.45,,500.0,17/10/2017 12:14,,TURBINE VIBRATIONS HIGH,2017-12-16
HARDUAGANJ TPS,,,605.00,7.0,11.18,2960.79,2788.86,7,105.00,,,,2017-12-16
HARDUAGANJ TPS,5,L,0.0,0.00,0.00,0.00,0.00,,0.0,07/02/2015 20:40,"21/04/201800.00.00","VINTAGE UNIT WITHDRAWN ANDCLOSED FOR OPERATION",2017-12-16
HARDUAGANJ TPS,7,L,105.0,1.48,0.00,342.68,200.97,,105.0,24/10/2017 01:40,,RSD/LOW SCHEDULE,2017-12-16
HARDUAGANJ TPS,8,,250.0,5.52,5.59,1270.32,1279.59,,,,,,2017-12-16
HARDUAGANJ TPS,9,,250.0,0.00,5.59,1347.79,1308.30,,,,,,2017-12-16
OBRA TPS,1,L,0.0,0.00,0.00,0.00,0.00,,0.0,06/08/2016 13:17,"04/05/201800.00.00",WATER WALL TUBE LEAKAGE,2017-12-16
OBRA TPS,2,L,0.0,0.00,0.00,0.00,54.04,,0.0,01/07/2017 00:50,,Other Commercial Reason,2017-12-16
OBRA TPS,7,P,94.0,0.00,0.00,0.00,0.00,,94.0,26/06/2010 13:25,"06/05/201800.00.00","R AND M / REFURBISHMENTWORKS",2017-12-16
OBRA TPS,8,L,94.0,0.00,0.00,0.00,0.00,,94.0,21/06/2011 17:15,,"VINTAGE UNIT WITHDRAWN ANDCLOSED FOR OPERATION",2017-12-16
OBRA TPS,9,S,200.0,3.35,0.00,873.60,939.25,,200.0,11/12/2017 00:01,"30/12/201700.00.00","MISC. SHORT DURATIONMAINTENANCE WORKS",2017-12-16
OBRA TPS,10,,200.0,3.35,2.34,812.60,792.56,,,,,,2017-12-16
OBRA TPS,11,,200.0,0.00,4.36,0.00,895.51,,,,,,2017-12-16
OBRA TPS,12,P,200.0,0.00,0.00,0.00,0.00,,200.0,01/10/2016 14:01,"01/10/201800.00.00","R AND M / REFURBISHMENTWORKS",2017-12-16
OBRA TPS,13,,200.0,3.19,3.39,831.04,592.48,,,,,,2017-12-16
PANKI TPS,,,210.00,2.78,0.00,710.48,338.69,6,210.00,,,,2017-12-16
PANKI TPS,3,L,105.0,1.39,0.00,355.24,148.22,,105.0,24/10/2017 17:50,,COAL SHORTAGE,2017-12-16
PANKI TPS,4,L,105.00,1.39,0.00,355.24,190.47,,105.0,22/10/2017 21:23,,I.D. FANS PROBLEM,2017-12-16
PARICHHA TPS,1,P,110.00,0.00,0.00,0.00,0.00,,110.0,07/07/2016 17:59,"23/04/201800.00.00","R AND M / REFURBISHMENTWORKS",2017-12-16
PARICHHA TPS,2,L,110.00,2.06,0.00,499.96,219.62,,110.0,21/10/2017 23:55,,BOILER MISC. PROBLEM,2017-12-16
PARICHHA TPS,3,,210.00,4.32,4.52,1125.12,1021.00,,,,,,2017-12-16
PARICHHA TPS,4,,210.00,4.45,4.47,1155.20,1022.48,,,,,,2017-12-16
PARICHHA TPS,5,P,250.00,5.42,0.00,1410.72,1079.11,,250.0,20/11/2017 04:24,,"BOILER OVERHAUL/ ANNUALMAINTENANCE",2017-12-16
PARICHHA TPS,6,,250.00,5.16,5.41,1334.56,1241.34,,,,,,2017-12-16
KHARA  HPS,,,72.00,0.42,0.61,264.72,220.77,,,,,,2017-12-16
MATATILA  HPS,,,30.60,0.48,0.43,73.68,56.95,,,,,,2017-12-16
OBRA  HPS,,,99.00,0.45,1.19,150.20,208.44,33.00,,,,,2017-12-16
RIHAND  HPS,,,300.00,1.29,3.18,417.64,605.11,100.00,,,,,2017-12-16
ANPARA C TPS,1,,600.00,10.94,14.24,2851.04,2915.06,,,,,,2017-12-16
ANPARA C TPS,2,,600.00,11.62,14.33,2777.82,2830.68,,,,,,2017-12-16
BARKHERA TPS,1,P,45.00,0.65,0.00,165.40,66.62,,45.0,26/06/2017 20:55,"29/06/201800.00.00","PREPARATION FOR P.G. TEST OfNEW COAL/LIGNITE BASED UNITS",2017-12-16
BARKHERA TPS,2,L,45.00,0.65,0.00,165.40,64.36,,45.0,23/06/2017 20:29,"25/06/201800.00.00",TURBINE MISC.,2017-12-16
KHAMBARKHERA TPS,1,L,45.00,0.67,0.00,166.04,69.44,,45.0,02/07/2017 08:46,"05/07/201800.00.00",RSD/LOW SCHEDULE,2017-12-16
KHAMBARKHERA TPS,2,L,45.00,0.67,0.00,166.04,67.61,,45.0,02/07/2017 09:00,"05/07/201800.00.00",RSD/LOW SCHEDULE,2017-12-16
KUNDARKI TPS,1,L,45.00,0.65,0.00,165.40,64.60,,45.0,05/07/2017 13:56,"15/07/201800.00.00",RSD/LOW SCHEDULE,2017-12-16
KUNDARKI TPS,2,L,45.00,0.65,0.00,165.75,69.67,,45.0,03/07/2017 02:00,"05/07/201800.00.00",RSD/LOW SCHEDULE,2017-12-16
LALITPUR TPS,1,P,660.00,9.94,0.00,2583.04,1981.85,,660.0,03/12/2017 19:57,,"BOILER INSPECTION/ RE-CERTIFICATION",2017-12-16
LALITPUR TPS,2,,660.0,9.39,14.00,2442.24,2640.36,,,,,,2017-12-16
LALITPUR TPS,3,,660.0,3.13,14.12,814.08,1903.76,,,,,,2017-12-16
MAQSOODPUR TPS,1,L,45.0,0.67,0.00,166.04,53.29,,45.0,05/07/2017 13:30,"10/07/201800.00.00",RSD/LOW SCHEDULE,2017-12-16
MAQSOODPUR TPS,2,L,45.0,0.67,0.00,166.04,73.12,,45.0,02/07/2017 08:32,"02/07/201800.00.00",RSD/LOW SCHEDULE,2017-12-16
PRAYAGRAJ TPP,1,L,660.0,6.16,0.00,1602.56,2122.18,,660.0,28/11/2017 00:00,,COAL SHORTAGE,2017-12-16
PRAYAGRAJ TPP,2,,660.0,6.16,13.94,1602.56,1287.13,,,,,,2017-12-16
PRAYAGRAJ TPP,3,L,660.0,0.00,0.00,0.00,494.61,,660.0,16/10/2017 02:43,,COAL SHORTAGE,2017-12-16
ROSA TPP Ph-I,1,,300.0,4.94,6.42,1283.04,1419.62,,,,,,2017-12-16
ROSA TPP Ph-I,2,,300.0,2.68,6.12,1490.88,1563.13,,,,,,2017-12-16
ROSA TPP Ph-I,3,P,300.0,0.00,0.00,1327.96,1442.85,,300.0,04/12/2017 09:30,,"BOILER INSPECTION/ RE-CERTIFICATION",2017-12-16
ROSA TPP Ph-I,4,,300.0,4.94,6.20,1283.04,1341.68,,,,,,2017-12-16
UTRAULA TPS,1,L,45.0,0.67,0.00,166.04,72.51,,45.0,03/07/2017 02:15,"05/07/201800.00.00",RSD/LOW SCHEDULE,2017-12-16
UTRAULA TPS,2,L,45.0,0.67,0.00,166.04,72.73,,45.0,03/07/2017 02:15,"03/07/201800.00.00",RSD/LOW SCHEDULE,2017-12-16
DADRI (NCTPP),1,,210.0,3.23,3.65,825.68,712.51,,,,,,2017-12-16
DADRI (NCTPP),2,,210.0,3.23,3.51,758.68,521.24,,,,,,2017-12-16
DADRI (NCTPP),3,,210.0,3.03,3.52,779.48,789.39,,,,,,2017-12-16
DADRI (NCTPP),4,,210.0,3.23,3.50,759.68,776.49,,,,,,2017-12-16
DADRI (NCTPP),5,,490.0,7.32,9.53,1883.12,2129.31,,,,,,2017-12-16
DADRI (NCTPP),6,,490.0,7.65,9.37,1849.40,2085.39,,,,,,2017-12-16
MEJA STPP,1,,0.0,0.00,0.00,0.00,0.00,,,,,unit not yet commissioned,2017-12-16
MEJA STPP,2,,0.0,0.00,0.00,0.00,0.00,,,,,unit not yet commissioned,2017-12-16
RIHAND STPS,1,,500.0,11.13,11.94,2482.08,2984.67,,,,,,2017-12-16
RIHAND STPS,2,,500.00,10.00,11.36,2600.00,2656.00,,,,,,2017-12-16
RIHAND STPS,3,,500.00,11.05,12.04,2493.20,2847.96,,,,,,2017-12-16
RIHAND STPS,4,,500.00,10.00,11.69,2600.00,2495.86,,,,,,2017-12-16
RIHAND STPS,5,,500.00,10.00,11.42,2600.00,2926.88,,,,,,2017-12-16
RIHAND STPS,6,,500.00,10.90,12.06,2507.40,2559.58,,,,,,2017-12-16
SINGRAULI STPS,1,,200.00,3.94,3.26,1023.04,856.18,,,,,,2017-12-16
SINGRAULI STPS,2,,200.00,4.26,4.34,986.16,1177.35,,,,,,2017-12-16
SINGRAULI STPS,3,P,200.00,4.35,0.00,977.60,1029.36,,200.0,21/11/2017 05:59,,"BOILER OVERHAUL/ ANNUALMAINTENANCE",2017-12-16
SINGRAULI STPS,4,,200.00,3.94,3.80,1023.04,985.00,,,,,,2017-12-16
SINGRAULI STPS,5,,200.00,3.94,3.81,1023.04,1017.33,,,,,,2017-12-16
SINGRAULI STPS,6,,500.00,10.94,11.39,2515.04,2702.45,,,,,,2017-12-16
SINGRAULI STPS,7,,500.00,11.10,11.44,2497.60,2882.87,,,,,,2017-12-16
TANDA TPS,1,,110.00,2.35,2.44,527.60,497.81,,,,,,2017-12-16
TANDA TPS,2,,110.00,2.13,2.46,554.08,623.33,,,,,,2017-12-16
TANDA TPS,3,,110.00,2.29,2.46,535.64,563.87,,,,,,2017-12-16
TANDA TPS,4,,110.00,2.13,2.47,554.08,628.14,,,,,,2017-12-16
UNCHAHAR TPS,1,,210.00,3.94,4.30,925.04,892.60,,,,,,2017-12-16
UNCHAHAR TPS,2,,210.00,3.68,3.57,954.88,879.26,,,,,,2017-12-16
UNCHAHAR TPS,3,,210.00,3.68,4.26,954.88,917.54,,,,,,2017-12-16
UNCHAHAR TPS,4,,210.00,3.94,4.12,925.04,985.47,,,,,,2017-12-16
UNCHAHAR TPS,5,,210.00,3.94,3.99,925.04,967.82,,,,,,2017-12-16
UNCHAHAR TPS,6,L,500.00,0.00,0.00,0.00,365.34,,500.0,01/11/2017 15:38,,FURNACE DRAFT ABNORMAL,2017-12-16
AURAIYA CCPP,,,663.36,2.14,0.00,566.24,316.14,663.36,,,,,2017-12-16
DADRI CCPP,,,829.78,6.00,3.22,1560.00,1356.36,439.21,,,,,2017-12-16
NARORA  A.P.S.,1,,220.00,4.48,5.44,1167.68,1275.86,,,,,,2017-12-16
NARORA  A.P.S.,2,,220.00,3.97,5.49,1037.52,1247.41,,,,,,2017-12-16
DSPM TPS,1,,250.00,5.29,5.50,1376.64,1460.36,,,,,,2017-12-16
DSPM TPS,2,,250.00,5.23,5.66,1359.68,1393.19,,,,,,2017-12-16
KORBA-II,1,L,50.00,0.74,0.00,172.84,13.10,,50.0,05/07/2017 21:46,,WATER WALL TUBE LEAKAGE,2017-12-16
KORBA-II,2,L,50.00,0.68,0.00,178.88,74.29,,50.0,23/10/2017 20:53,,"MILLING SYSTEM /RC FEEDERPROBLEM",2017-12-16
KORBA-II,3,,50.00,0.71,0.87,173.36,170.81,,,,,,2017-12-16
KORBA-II,4,S,50.00,0.74,0.27,172.84,149.53,,50.0,16/12/2017 09:45,,"BOILER FEED PUMP/MOTORPROBLEM",2017-12-16
KORBA-III,1,,120.00,2.03,2.04,485.48,430.03,,,,,,2017-12-16
KORBA-III,2,,120.00,1.90,1.92,498.40,461.97,,,,,,2017-12-16
KORBA-WEST TPS,1,,210.00,4.10,4.11,967.60,931.08,,,,,,2017-12-16
KORBA-WEST TPS,2,,210.00,3.84,3.36,997.44,831.48,,,,,,2017-12-16
KORBA-WEST TPS,3,,210.00,3.84,3.99,997.44,1043.94,,,,,,2017-12-16
KORBA-WEST TPS,4,,210.00,4.32,3.94,947.12,869.01,,,,,,2017-12-16
KORBA-WEST TPS,5,,500.00,9.32,11.59,2421.12,2811.10,,,,,,2017-12-16
MARWA TPS,1,,500.00,2.74,10.05,711.84,1724.00,,,,,,2017-12-16
MARWA TPS,2,,500.00,8.19,9.90,2139.04,2111.46,,,,,,2017-12-16
HASDEOBANGO  HPS,,,120.00,0.32,0.11,215.12,163.00,,,,,,2017-12-16
AKALTARA TPS,1,,0.00,0.00,0.00,0.00,0.00,,,,,unit not yet commissioned,2017-12-16
AKALTARA TPS,2,,0.00,0.00,0.00,0.00,0.00,,,,,unit not yet commissioned,2017-12-16
AKALTARA TPS,3,,600.0,8.19,13.25,2139.04,2147.53,,,,,,2017-12-16
AKALTARA TPS,4,S,600.0,8.19,0.00,2139.04,2320.42,,600.0,10/12/2017 20:00,,"ASH HANDLING SYSTEMPROBLEM",2017-12-16
AVANTHA BHANDAR,1,L,600.0,6.84,0.00,1777.44,572.13,,600.0,22/05/2017 22:12,,STATOR/ STATOR EARTH FAULT,2017-12-16
BALCO TPS,1,,300.0,4.10,7.09,1065.60,894.88,,,,,,2017-12-16
BALCO TPS,2,L,300.0,4.10,0.00,1065.60,834.08,,300.0,07/11/2017 00:16,,I.D. FANS PROBLEM,2017-12-16
BANDAKHAR TPP,1,S,300.0,4.10,0.00,1065.60,1502.64,,300.0,15/12/2017 09:30,,AIR PREHEATERS PROBLEM,2017-12-16
BARADARHA TPS,1,S,600.0,8.90,0.00,2314.40,2256.43,,600.0,07/12/2017 00:03,,COAL SHORTAGE,2017-12-16
BARADARHA TPS,2,,600.0,8.90,13.13,2314.40,2169.08,,,,,,2017-12-16
BINJKOTE TPP,1,S,300.0,0.00,0.00,0.00,160.55,,300.0,02/12/2017 00:12,,RSD/LOW SCHEDULE,2017-12-16
BINJKOTE TPP,2,,0.0,0.00,0.00,0.00,0.00,,,,,unit not yet commissioned,2017-12-16
CHAKABURA TPP,1,,0.0,0.00,0.00,0.00,0.00,,,,,unit not yet commissioned,2017-12-16
CHAKABURA TPP,2,S,30.0,0.55,0.60,140.80,167.16,,30.0,16/12/2017 22:56,,WATER WALL TUBE LEAKAGE,2017-12-16
KASAIPALLI TPP,1,S,135.0,2.48,0.84,639.68,729.41,,135.0,16/12/2017 06:15,"19/12/201700.00.00",WATER WALL TUBE LEAKAGE,2017-12-16
KASAIPALLI TPP,2,,135.0,2.65,3.29,686.40,677.14,,,,,,2017-12-16
KATGHORA TPP,1,L,35.0,0.00,0.00,0.00,0.00,,35.0,15/10/2012 00:28,,NO Power purchase agreement,2017-12-16
NAWAPARA TPP,1,,300.0,4.10,6.87,1065.60,931.68,,,,,,2017-12-16
NAWAPARA TPP,2,,300.0,0.00,6.78,0.00,674.05,,,,,,2017-12-16
OP JINDAL TPS,1,L,250.0,2.97,0.00,777.52,432.67,,250.0,25/06/2017 00:05,,"RESERVE SHUT DOWN / STANDBYUNIT",2017-12-16
OP JINDAL TPS,2,,250.0,3.68,5.48,884.88,1008.18,,,,,,2017-12-16
OP JINDAL TPS,3,L,250.0,3.00,0.00,780.00,1277.56,,250.0,17/11/2017 21:,,COAL SHORTAGE,2017-12-16
OP JINDAL TPS,3,L,250.0,3.00,0.00,780.00,1277.56,,250.0,44,,COAL SHORTAGE,2017-12-16
OP JINDAL TPS,4,L,250.0,2.74,0.00,629.84,800.32,,250.0,24/09/2017 00:00,,COAL SHORTAGE,2017-12-16
PATHADI STAGE II,1,,0.0,0.00,0.00,0.00,0.00,,,,,unit not yet commissioned,2017-12-16
PATHADI TPP,1,,300.0,4.94,6.52,1283.04,1287.31,,,,,,2017-12-16
PATHADI TPP,2,L,300.0,4.94,0.00,1283.04,1581.86,,300.0,24/11/2017 20:25,,COAL SHORTAGE,2017-12-16
RAIKHEDA TPP,1,L,685.0,2.19,0.00,571.04,368.38,,685.0,22/07/2017 01:56,,RSD/LOW SCHEDULE,2017-12-16
RAIKHEDA TPP,2,L,685.0,2.19,0.00,571.04,127.97,,685.0,15/10/2017 14:15,,RSD/LOW SCHEDULE,2017-12-16
RATIJA TPS,1,,50.0,0.81,1.15,212.96,258.14,,,,,,2017-12-16
RATIJA TPS,2,,50.0,0.29,1.22,69.64,297.90,,,,,,2017-12-16
SALORA TPP,1,L,135.0,0.00,0.00,0.00,0.00,,135.0,19/10/2014 04:30,,NO Power purchase agreement,2017-12-16
SALORA TPP,2,,0.0,0.00,0.00,0.00,0.00,,,,,unit not yet commissioned,2017-12-16
SINGHITARAI TPP,1,,0.0,0.00,0.00,0.00,0.00,,,,,unit not yet commissioned,2017-12-16
SINGHITARAI TPP,2,,0.0,0.00,0.00,0.00,0.00,,,,,unit not yet commissioned,2017-12-16
SVPL TPP,1,L,63.0,0.87,0.00,207.92,27.13,,63.0,28/05/2017 12:43,"28/12/201700.00.00","TURBINE ROTORFAILURE/DAMAGED",2017-12-16
SWASTIK KORBA TPP,1,L,25.0,0.00,0.00,0.00,0.00,,25.0,01/04/2015 00:20,,NO Power purchase agreement,2017-12-16
TAMNAR TPP,1,L,600.0,4.10,0.00,1065.60,369.08,,600.0,25/11/2017 17:41,,"ASH HANDLING SYSTEMPROBLEM",2017-12-16
TAMNAR TPP,2,S,600.0,4.10,0.00,1065.60,1354.96,,600.0,14/12/2017 21:59,"16/12/201700.00.00","ASH HANDLING SYSTEMPROBLEM",2017-12-16
TAMNAR TPP,3,,600.0,4.10,12.38,1065.60,2577.51,,,,,,2017-12-16
TAMNAR TPP,4,,600.0,0.00,10.74,0.00,285.33,,,,,,2017-12-16
UCHPINDA TPP,1,S,360.0,2.55,0.00,651.80,1040.73,,360.0,13/12/2017 12:08,"23/12/201700.00.00",COAL SHORTAGE,2017-12-16
UCHPINDA TPP,2,L,360.00,2.52,0.00,651.32,121.54,,360.0,21/11/2017 19:50,,TURBINE MISC. PROBLEM,2017-12-16
UCHPINDA TPP,3,L,360.00,0.00,0.00,0.00,0.00,,360.0,12/09/2017 08:43,,NON STABLISED UNIT,2017-12-16
UCHPINDA TPP,4,,0.00,0.00,0.00,0.00,0.00,,,,,unit not yet commissioned,2017-12-16
BHILAI TPS,1,,250.00,5.13,5.28,1334.08,1415.67,,,,,,2017-12-16
BHILAI TPS,2,,250.00,5.13,5.06,1334.08,1270.19,,,,,,2017-12-16
KORBA STPS,1,,200.00,4.48,4.03,1033.68,903.55,,,,,,2017-12-16
KORBA STPS,2,,200.00,4.48,4.78,1034.68,1202.70,,,,,,2017-12-16
KORBA STPS,3,,200.00,4.13,4.84,1074.08,1163.41,,,,,,2017-12-16
KORBA STPS,4,,500.00,10.32,11.97,2681.12,2872.55,,,,,,2017-12-16
KORBA STPS,5,P,500.00,11.19,0.00,2586.04,2575.73,,500.0,22/11/2017 00:05,,"BOILER OVERHAUL/ ANNUALMAINTENANCE",2017-12-16
KORBA STPS,6,,500.00,10.42,11.93,2668.72,2932.35,,,,,,2017-12-16
KORBA STPS,7,,500.00,11.06,11.96,2600.96,2744.21,,,,,,2017-12-16
LARA TPP,1,,0.00,0.00,0.00,0.00,0.00,,,,,unit not yet commissioned,2017-12-16
LARA TPP,2,,0.00,0.00,0.00,0.00,0.00,,,,,unit not yet commissioned,2017-12-16
SIPAT STPS,1,,660.00,14.58,15.77,3352.28,3396.94,,,,,,2017-12-16
SIPAT STPS,2,,660.00,13.39,15.88,3478.24,3957.91,,,,,,2017-12-16
SIPAT STPS,3,P,660.00,13.39,0.00,3478.24,3197.54,,660.0,25/10/2017 08:32,,"BOILER OVERHAUL/ ANNUALMAINTENANCE",2017-12-16
SIPAT STPS,4,,500.00,10.06,11.57,2616.96,2978.38,,,,,,2017-12-16
SIPAT STPS,5,,500.00,10.81,11.61,2538.96,2961.92,,,,,,2017-12-16
AKRIMOTA LIG TPS,1,,125.0,2.23,2.55,506.68,427.47,,,,,,2017-12-16
AKRIMOTA LIG TPS,2,,125.0,2.23,2.51,506.68,409.27,,,,,,2017-12-16
BHAVNAGAR CFBC TPP,1,S,250.0,0.55,0.00,140.80,290.22,,250.0,15/12/2017 07:13,,LIGNITE SHORTAGE,2017-12-16
BHAVNAGAR CFBC TPP,2,L,250.0,0.00,0.00,0.00,18.70,,250.0,22/08/2017 16:34,,PIPES and VALVES BOILER SIDE,2017-12-16
GANDHI NAGAR TPS,,,630.00,6.26,8.76,1438.88,2458.94,9,210.00,,,,2017-12-16
GANDHI NAGAR TPS,3,S,210.0,2.07,0.00,481.84,782.20,,210.0,14/12/2017 08:05,"21/12/201700.00.00",WATER WALL TUBE LEAKAGE,2017-12-16
GANDHI NAGAR TPS,4,,210.0,2.13,4.15,475.08,715.47,,,,,,2017-12-16
GANDHI NAGAR TPS,5,,210.0,2.06,4.61,481.96,961.27,,,,,,2017-12-16
KUTCH LIG. TPS,1,S,70.0,1.16,1.23,277.56,259.57,,,16/12/2017 23:55,,WATER WALL TUBE LEAKAGE,2017-12-16
KUTCH LIG. TPS,2,,70.0,1.16,1.20,302.56,259.84,,,,,,2017-12-16
KUTCH LIG. TPS,3,,75.0,1.15,1.49,277.65,244.29,,,,,,2017-12-16
KUTCH LIG. TPS,4,,75.0,1.16,1.82,278.56,158.27,,,,,,2017-12-16
SIKKA REP. TPS,1,L,0.0,0.00,0.00,0.00,0.00,,0.0,26/09/2016 18:00,,RSD/LOW SCHEDULE,2017-12-16
SIKKA REP. TPS,2,L,0.0,0.00,0.00,0.00,0.00,,0.0,24/09/2016 13:05,,"ASH HANDLING SYSTEMPROBLEM",2017-12-16
SIKKA REP. TPS,3,,250.0,2.90,4.58,693.40,914.43,,,,,,2017-12-16
SIKKA REP. TPS,4,P,250.0,2.90,0.00,693.40,915.80,,250.0,15/12/2017 00:22,,"BOILER OVERHAUL/ ANNUALMAINTENANCE",2017-12-16
UKAI TPS,1,L,0.0,0.00,0.00,0.00,0.00,,0.0,07/05/2016 03:18,,EXCITATION PROBLEM,2017-12-16
UKAI TPS,2,L,0.0,0.00,0.00,0.00,0.00,,0.0,12/07/2016 20:00,,"RESERVE SHUT DOWN / STANDBYUNIT",2017-12-16
UKAI TPS,3,,200.0,2.03,3.87,486.48,867.92,,,,,,2017-12-16
UKAI TPS,4,,200.0,2.03,4.11,528.48,676.08,,,,,,2017-12-16
UKAI TPS,5,,210.0,1.90,4.24,498.40,925.18,,,,,,2017-12-16
UKAI TPS,6,,500.0,8.65,9.99,1991.40,1976.86,,,,,,2017-12-16
WANAKBORI TPS,1,,210.0,1.55,4.06,407.80,660.26,,,,,,2017-12-16
WANAKBORI TPS,2,,210.0,1.68,4.03,430.88,679.75,,,,,,2017-12-16
WANAKBORI TPS,3,S,210.0,2.16,0.00,345.56,352.22,,210.0,13/12/2017 23:13,,WATER WALL TUBE LEAKAGE,2017-12-16
WANAKBORI TPS,4,,210.0,1.55,4.08,407.80,772.00,,,,,,2017-12-16
WANAKBORI TPS,5,,210.0,1.65,4.13,396.40,730.28,,,,,,2017-12-16
WANAKBORI TPS,6,,210.0,1.68,4.08,395.88,699.68,,,,,,2017-12-16
WANAKBORI TPS,7,,210.0,1.55,4.25,407.80,977.70,,,,,,2017-12-16
DHUVARAN CCPP,,,594.72,0.77,1.37,213.32,425.60,,,,,,2017-12-16
HAZIRA CCPP,,,156.10,0.39,0.00,81.24,1.06,,,,,,2017-12-16
HAZIRA CCPP EXT,,,351.00,0.65,0.00,158.40,187.44,351.00,,,,,2017-12-16
PIPAVAV CCPP,,,702.00,1.36,0.00,357.76,171.35,702.00,,,,,2017-12-16
UTRAN CCPP,,,374.00,0.5,0.00,150.00,184.99,0.00,,,,,2017-12-16
KADANA  HPS,,,240.00,0.81,0.26,212.96,244.11,120.00,,,,,2017-12-16
S SAROVAR CHPH  HPS,,,250.00,3.23,2.59,525.68,453.63,,,,,,2017-12-16
S SAROVAR RBPH  HPS,,,1200.00,3.74,0.00,3378.84,376.61,200.00,,,,,2017-12-16
UKAI  HPS,,,300.00,1.03,1.83,444.48,244.96,,,,,,2017-12-16
MUNDRA TPS,1,,330.0,5.90,6.57,1534.40,1377.70,,,,,,2017-12-16
MUNDRA TPS,2,,330.0,5.48,6.94,1423.68,1741.72,,,,,,2017-12-16
MUNDRA TPS,3,,330.0,5.74,6.66,1495.84,1262.15,,,,,,2017-12-16
MUNDRA TPS,4,S,330.0,5.74,0.00,1495.84,1402.48,,330.0,14/12/2017 08:43,"16/12/201700.00.00","BOILER FEED PUMP/MOTORPROBLEM",2017-12-16
MUNDRA TPS,5,L,660.0,11.81,0.00,3060.96,2132.03,,660.0,01/11/2017 23:43,,AIR PREHEATERS PROBLEM,2017-12-16
MUNDRA TPS,6,L,660.0,13.71,0.00,2909.36,1757.13,,660.0,20/10/2017 20:20,,TURBINE BEARING PROBLEM,2017-12-16
MUNDRA TPS,7,,660.0,11.81,13.69,3060.96,2773.77,,,,,,2017-12-16
MUNDRA TPS,8,,660.0,0.00,13.68,3156.00,2733.54,,,,,,2017-12-16
MUNDRA TPS,9,,660.0,11.90,13.24,3098.40,3504.03,,,,,,2017-12-16
MUNDRA UMTPP,1,P,800.0,15.03,0.00,2696.48,2642.32,,800.0,07/11/2017 13:23,"22/12/201700.00.00","BOILER OVERHAUL/ ANNUALMAINTENANCE",2017-12-16
MUNDRA UMTPP,2,,800.0,17.65,16.78,4060.40,4492.60,,,,,,2017-12-16
MUNDRA UMTPP,3,,800.0,16.23,15.48,3972.68,3659.03,,,,,,2017-12-16
MUNDRA UMTPP,4,,800.0,0.00,16.92,2958.00,3320.49,,,,,,2017-12-16
MUNDRA UMTPP,5,,800.0,0.00,16.36,5080.00,3574.74,,,,,,2017-12-16
SABARMATI (C STATION),,,60.00,0.0,0.00,0.00,0.01,3,60.00,,,,2017-12-16
SABARMATI (C STATION),15,L,30.0,0.00,0.00,0.00,0.00,,30.0,05/05/2017 17:55,,RSD/LOW SCHEDULE,2017-12-16
SABARMATI (C STATION),16,L,30.0,0.00,0.00,0.00,0.01,,30.0,05/05/2017 17:45,,RSD/LOW SCHEDULE,2017-12-16
SABARMATI (D-F STATIONS),1,,120.0,2.09,2.29,518.63,584.63,,,,,,2017-12-16
SABARMATI (D-F STATIONS),2,P,121.0,0.00,0.00,577.19,653.29,,121.0,09/12/2017 22:10,,"BOILER OVERHAUL/ ANNUALMAINTENANCE",2017-12-16
SABARMATI (D-F STATIONS),3,,121.0,2.29,2.46,527.64,595.73,,,,,,2017-12-16
SALAYA TPP,1,L,600.0,7.68,0.00,1994.88,1641.30,,600.0,31/10/2017 23:54,,COAL SHORTAGE,2017-12-16
SALAYA TPP,2,L,600.0,7.68,0.00,1994.88,895.74,,600.0,24/10/2017 20:25,,COAL SHORTAGE,2017-12-16
SURAT LIG. TPS,1,,125.0,2.55,2.65,613.80,595.80,,,,,,2017-12-16
SURAT LIG. TPS,2,,125.0,2.55,2.57,587.80,488.87,,,,,,2017-12-16
SURAT LIG. TPS,3,,125.0,2.65,2.74,623.40,580.97,,,,,,2017-12-16
SURAT LIG. TPS,4,S,125.0,2.65,0.00,623.40,589.51,,125.0,15/12/2017 22:57,"19/12/201700.00.00",WATER WALL TUBE LEAKAGE,2017-12-16
BARODA CCPP,,,160.00,0.54,1.10,152.64,22.00,160.00,,,,,2017-12-16
DGEN MEGA CCPP,,,1200.00,0.0,0.00,0.00,0.00,1200.00,,,,,2017-12-16
ESSAR CCPP,,,515.00,0.0,0.00,0.00,0.00,515.00,,,,,2017-12-16
GIPCL. GT IMP,,,0.00,0.55,0.52,123.80,145.84,,,,,,2017-12-16
PEGUTHAN CCPP,,,655.00,0.8,0.18,212.80,335.31,,,,,,2017-12-16
SUGEN CCPP,,,1147.50,11.52,13.93,2992.32,4915.77,,,,,,2017-12-16
UNOSUGEN CCPP,,,382.50,0.0,0.00,0.00,0.00,,,,,,2017-12-16
GANDHAR CCPP,,,657.39,5.04,8.75,1308.64,2336.16,,,,,,2017-12-16
KAWAS CCPP,,,656.20,3.5,6.15,896.00,1820.56,318.00,,,,,2017-12-16
KAKRAPARA,1,P,220.0,0.00,0.00,0.00,0.00,,220.0,11/03/2016 08:52,,"ENMASS COOLANT CHANNELREPLACEMENT",2017-12-16
KAKRAPARA,2,P,220.0,0.00,0.00,0.00,0.00,,220.0,01/07/2015 14:09,,"ENMASS COOLANT CHANNELREPLACEMENT",2017-12-16
AMARKANTAK EXT TPS,,,210.00,4.1,4.41,1065.60,1222.87,20,,,,,2017-12-16
AMARKANTAK EXT TPS,3,,210.0,4.10,4.41,1065.60,1222.87,,,,,,2017-12-16
SANJAY GANDHI TPS,1,,210.0,2.81,4.13,602.96,710.24,,,,,,2017-12-16
SANJAY GANDHI TPS,2,,210.0,2.48,4.10,639.68,688.02,,,,,,2017-12-16
SANJAY GANDHI TPS,3,,210.0,2.65,3.96,620.40,729.15,,,,,,2017-12-16
SANJAY GANDHI TPS,4,,210.0,2.48,4.00,639.68,768.53,,,,,,2017-12-16
SANJAY GANDHI TPS,5,,500.0,10.19,11.39,2332.04,2156.17,,,,,,2017-12-16
SATPURA TPS,,,1330.00,11.83,14.52,2760.28,2935.18,7,630.00,,,,2017-12-16
SATPURA TPS,6,,200.0,0.00,3.71,0.00,209.40,,,,,,2017-12-16
SATPURA TPS,7,L,210.0,0.00,0.00,0.00,89.04,,210.0,14/09/2017 02:20,,COAL SHORTAGE,2017-12-16
SATPURA TPS,8,S,210.0,1.48,0.00,346.68,470.87,,210.0,06/12/2017 15:01,,RSD/LOW SCHEDULE,2017-12-16
SATPURA TPS,9,L,210.0,1.48,0.00,346.68,35.11,,210.0,28/08/2017 21:05,,STATOR/ STATOR EARTH FAULT,2017-12-16
SATPURA TPS,10,,250.0,4.10,5.50,1065.60,1297.94,,,,,,2017-12-16
SATPURA TPS,11,,250.0,4.77,5.31,1001.32,832.82,,,,,,2017-12-16
SHRI SINGHAJI TPP,1,,600.0,8.19,9.69,2139.04,1414.14,,,,,,2017-12-16
SHRI SINGHAJI TPP,2,,600.0,8.19,10.02,2139.04,696.14,,,,,,2017-12-16
BANSAGAR TONS-I  HPS,,,315.00,3.87,0.99,706.92,433.81,105.00,,,,,2017-12-16
BANSAGAR TONS-II  HPS,,,30.00,0.32,0.18,74.12,43.19,,,,,,2017-12-16
BANSAGAR TONS-III  HPS,,,60.00,0.0,0.00,96.00,68.80,,,,,,2017-12-16
BARGI  HPS,,,90.00,1.45,0.08,323.20,125.84,,,,,,2017-12-16
GANDHI SAGAR  HPS,,,115.00,1.23,2.26,276.68,121.94,,,,,,2017-12-16
MADHIKHERA  HPS,,,60.00,0.48,0.00,76.68,13.12,,,,,,2017-12-16
PENCH  HPS,,,160.00,0.97,0.27,295.52,117.11,,,,,,2017-12-16
RAJGHAT  HPS,,,45.00,0.48,0.23,58.68,31.37,15.00,,,,,2017-12-16
ANUPPUR TPP,1,,600.0,9.58,10.84,2493.28,2093.94,,,,,,2017-12-16
ANUPPUR TPP,2,,600.0,2.74,7.83,711.84,2109.09,,,,,,2017-12-16
BINA TPS,1,,250.0,2.74,3.93,711.84,970.89,,,,,,2017-12-16
BINA TPS,2,,250.0,2.74,3.96,711.84,686.41,,,,,,2017-12-16
MAHAN TPP,1,S,600.0,7.68,0.00,1994.88,2108.60,,600.0,10/12/2017 00:01,,TRANSMISSION CONSTRAINTS,2017-12-16
MAHAN TPP,2,,0.0,0.00,0.00,0.00,0.00,,,,,unit not yet commissioned,2017-12-16
NIGRI TPP,1,,660.0,10.26,9.96,2668.16,3151.99,,,,,,2017-12-16
NIGRI TPP,2,,660.0,10.26,10.87,2668.16,3138.87,,,,,,2017-12-16
NIWARI TPP,1,L,45.0,0.68,0.00,178.88,59.30,,45.0,07/11/2017 00:21,,RSD/LOW SCHEDULE,2017-12-16
NIWARI TPP,2,,0.0,0.00,0.00,0.00,0.00,,,,,unit not yet commissioned,2017-12-16
SASAN UMTPP,1,*,660.0,13.68,5.88,3562.88,3881.71,,660.0,13/12/2017 14:01,"16/12/201713.28.00",P.A. FANS PROBLEM,2017-12-16
SASAN UMTPP,2,,660.0,13.68,16.05,3562.88,3368.10,,,,,,2017-12-16
SASAN UMTPP,3,,660.0,13.68,15.84,3562.88,3457.48,,,,,,2017-12-16
SASAN UMTPP,4,S,660.0,13.68,0.00,3562.88,3737.39,,660.0,14/12/2017 11:28,"16/12/201700.00.00",BOILER AUX. MISC. PROMLEMS,2017-12-16
SASAN UMTPP,5,,660.0,13.68,15.98,3562.88,3970.24,,,,,,2017-12-16
SASAN UMTPP,6,,660.0,13.68,15.90,3562.88,3595.37,,,,,,2017-12-16
SEIONI TPP,1,S,600.0,4.10,0.00,1065.60,926.50,,600.0,10/12/2017 23:19,,COAL SHORTAGE,2017-12-16
MAHESHWAR HPS,,,0.00,0.00,0.00,0.00,0.00,,,,,,2017-12-16
GADARWARA TPP,1,,0.00,0.00,0.00,0.00,0.00,,,,,unit not yet commissioned,2017-12-16
VINDHYACHAL STPS,1,,210.00,3.71,4.04,937.36,1185.38,,,,,,2017-12-16
VINDHYACHAL STPS,2,,210.00,3.61,4.20,941.76,1243.18,,,,,,2017-12-16
VINDHYACHAL STPS,3,,210.00,4.00,4.23,900.00,1074.13,,,,,,2017-12-16
VINDHYACHAL STPS,4,,210.00,3.90,4.01,916.40,1212.95,,,,,,2017-12-16
VINDHYACHAL STPS,5,,210.00,3.84,3.94,920.44,1049.00,,,,,,2017-12-16
VINDHYACHAL STPS,6,,210.00,3.90,4.14,1014.40,1269.19,,,,,,2017-12-16
VINDHYACHAL STPS,7,,500.00,9.84,10.60,2114.44,2642.66,,,,,,2017-12-16
VINDHYACHAL STPS,8,,500.00,8.65,10.73,2246.40,2792.17,,,,,,2017-12-16
VINDHYACHAL STPS,9,,500.00,8.65,10.15,2246.40,2963.45,,,,,,2017-12-16
VINDHYACHAL STPS,10,,500.00,9.58,10.33,2144.28,2627.34,,,,,,2017-12-16
VINDHYACHAL STPS,11,,500.00,8.65,10.76,2246.40,2689.36,,,,,,2017-12-16
VINDHYACHAL STPS,12,,500.00,9.22,10.88,2178.66,2656.22,,,,,,2017-12-16
VINDHYACHAL STPS,13,,500.00,8.65,10.00,2246.40,2930.26,,,,,,2017-12-16
INDIRA SAGAR  HPS,,,1000.00,6.94,0.19,1436.04,758.63,,,,,,2017-12-16
OMKARESHWAR  HPS,,,520.00,3.39,0.05,700.24,395.50,,,,,,2017-12-16
BHUSAWAL TPS,,,1210.00,17.04,23.24,4213.64,4215.64,9,0.00,,,,2017-12-16
BHUSAWAL TPS,2,L,0.00,0.00,0.00,0.00,0.00,,0.0,19/07/2016 00:00,,RSD/LOW SCHEDULE,2017-12-16
BHUSAWAL TPS,3,,210.00,1.10,3.98,285.60,386.96,,,,,,2017-12-16
BHUSAWAL TPS,4,,500.00,7.68,9.46,1994.88,1983.98,,,,,,2017-12-16
BHUSAWAL TPS,5,,500.00,8.26,9.80,1933.16,1844.70,,,,,,2017-12-16
CHANDRAPUR(MAHARASHTRA) STPS,,,2920.00,38.20,32.27,11208.20,11316.97,17,920.00,,,,2017-12-16
CHANDRAPUR(MAHARASHTRA) STPS,3,S,,,,,,,,,,,2017-12-16
CHANDRAPUR(MAHARASHTRA) STPS,3,S,210.0,3.00,0.00,787.00,507.26,,210.0,35,,"WATER SHORTAGE DUE TODROUGHT",2017-12-16
CHANDRAPUR(MAHARASHTRA) STPS,4,S,210.0,3.26,0.00,763.16,713.16,,210.0,03/12/2017 14:13,,"WATER SHORTAGE DUE TODROUGHT",2017-12-16
CHANDRAPUR(MAHARASHTRA) STPS,5,,500.0,8.13,3.79,1903.08,1855.40,,,,,,2017-12-16
CHANDRAPUR(MAHARASHTRA) STPS,6,,500.0,8.13,8.88,1903.08,2013.22,,,,,,2017-12-16
CHANDRAPUR(MAHARASHTRA) STPS,7,,500.0,7.55,9.83,1964.80,1756.81,,,,,,2017-12-16
CHANDRAPUR(MAHARASHTRA) STPS,8,P,500.0,8.13,0.06,1903.08,2299.63,,500.0,16/12/2017 00:16,,"BOILER OVERHAUL/ ANNUALMAINTENANCE",2017-12-16
CHANDRAPUR(MAHARASHTRA) STPS,9,,500.0,0.00,9.71,1984.00,2171.49,,,,,,2017-12-16
KHAPARKHEDA TPS,1,,210.0,3.55,2.98,924.80,547.16,,,,,,2017-12-16
KHAPARKHEDA TPS,2,,210.0,3.84,3.93,897.44,659.10,,,,,,2017-12-16
KHAPARKHEDA TPS,3,L,210.0,3.55,0.00,924.80,467.37,,210.0,12/09/2017 00:00,,COAL SHORTAGE,2017-12-16
KHAPARKHEDA TPS,4,*,210.0,3.94,2.93,885.04,504.29,,,15/12/2017 22:42,"16/12/201705.36.00",FURNACE DRAFT ABNORMAL,2017-12-16
KHAPARKHEDA TPS,5,,500.0,8.19,10.02,2139.04,1979.21,,,,,,2017-12-16
KORADI TPS,,,2400.00,25.29,20.55,7030.03,6630.74,2,1080.00,,,,2017-12-16
KORADI TPS,5,L,0.0,0.00,0.00,0.00,,,0.0,18/10/2016 00:01,,TURBINE MISC. PROBLEMS,2017-12-16
KORADI TPS,6,P,210.0,0.00,0.00,0.00,0.00,,210.0,09/07/2015 00:00,,"R AND M / REFURBISHMENTWORKS",2017-12-16
KORADI TPS,7,S,210.0,2.74,0.00,711.84,421.91,,210.0,13/12/2017 00:10,,COAL SHORTAGE,2017-12-16
KORADI TPS,8,S,660.0,10.94,0.00,2851.04,2145.71,,660.0,14/12/2017 19:27,,COAL SHORTAGE,2017-12-16
KORADI TPS,9,,660.0,11.61,10.53,2735.15,1999.40,,,,,,2017-12-16
KORADI TPS,10,,660.0,0.00,10.02,732.00,2063.72,,,,,,2017-12-16
NASIK TPS,,,630.00,10.45,7.87,2503.20,2046.94,9,210.00,,,,2017-12-16
NASIK TPS,3,,210.0,3.61,3.93,721.76,549.97,,,,,,2017-12-16
NASIK TPS,4,,210.0,3.42,3.94,890.72,879.78,,,,,,2017-12-16
NASIK TPS,5,L,210.0,3.42,0.00,890.72,617.19,,210.0,20/11/2017 11:00,,COAL SHORTAGE,2017-12-16
PARAS TPS,,,500.00,9.36,5.32,2317.76,2266.56,5,250.00,,,,2017-12-16
PARAS TPS,3,L,250.0,4.52,0.00,1176.32,1137.25,,250.0,29/11/2017 22:54,,COAL FEEDING SYSTEM FAILURE.,2017-12-16
PARAS TPS,4,,250.0,4.84,5.32,1141.44,1129.31,,,,,,2017-12-16
PARLI TPS,,,1170.00,10.13,8.32,2634.08,1906.95,1,670.00,,,,2017-12-16
PARLI TPS,4,L,210.0,0.00,0.00,0.00,0.00,,210.0,01/04/2016 18:26,,UNECONOMICAL OPERATION,2017-12-16
PARLI TPS,5,L,210.0,0.00,0.00,0.00,0.00,,210.0,01/04/2016 00:00,,RSD/LOW SCHEDULE,2017-12-16
PARLI TPS,6,,250.0,3.29,4.46,856.64,863.61,,,,,,2017-12-16
PARLI TPS,7,S,250.0,3.29,0.00,856.64,677.19,,250.0,03/12/2017 23:35,,COAL SHORTAGE,2017-12-16
PARLI TPS,8,,250.0,3.55,3.86,920.80,366.15,,,,,,2017-12-16
URAN CCPP,,,672.00,6.9,6.94,1790.40,2304.50,216.00,,,,,2017-12-16
BHIRA TAIL RACE  HPS,,,80.00,0.19,0.25,66.04,75.45,,,,,,2017-12-16
GHATGHAR  PSS  HPS,,,250.00,0.55,0.87,271.80,79.71,125.00,,,,,2017-12-16
KOYNA DPH  HPS,,,36.00,0.16,0.63,82.56,73.54,,,,,,2017-12-16
KOYNA-I  HPS,,,280.00,3.55,0.84,820.80,373.54,,,,,,2017-12-16
KOYNA-II  HPS,,,320.00,0.0,0.84,0.00,372.54,,,,,,2017-12-16
KOYNA-III  HPS,,,320.00,1.45,0.34,407.20,351.29,,,,,,2017-12-16
KOYNA-IV  HPS,,,1000.00,4.0,0.00,1149.00,587.34,,,,,,2017-12-16
TILLARI  HPS,,,60.00,0.39,0.37,68.24,40.62,,,,,,2017-12-16
VAITARNA  HPS,,,60.00,0.0,0.00,73.00,97.63,,,,,,2017-12-16
AMARAVATI TPS,1,S,270.0,1.42,0.00,351.72,803.69,,270.0,12/12/2017 08:49,"16/12/201700.00.00",H.T./L.T. SUPPLY PROBLEM,2017-12-16
AMARAVATI TPS,2,L,270.0,1.42,0.00,362.72,732.50,,270.0,10/11/2017 00:00,,COAL SHORTAGE,2017-12-16
AMARAVATI TPS,3,,270.0,1.39,5.02,355.24,466.17,,,,,,2017-12-16
AMARAVATI TPS,4,S,270.0,1.39,0.00,355.24,675.09,,270.0,15/12/2017 00:00,,COAL SHORTAGE,2017-12-16
AMARAVATI TPS,5,L,270.0,1.42,0.00,353.72,277.50,,270.0,17/09/2017 00:02,,COAL SHORTAGE,2017-12-16
BELA TPS,1,L,270.0,0.00,0.00,0.00,41.42,,270.0,21/11/2017 23:49,,TURBINE VIBRATIONS HIGH,2017-12-16
BUTIBORI TPP,1,,300.0,5.74,5.78,1495.84,754.50,,,,,,2017-12-16
BUTIBORI TPP,2,,300.0,5.23,6.17,1351.68,1550.36,,,,,,2017-12-16
DAHANU TPS,1,,250.0,5.29,4.61,1380.64,1347.23,,,,,,2017-12-16
DAHANU TPS,2,,250.0,5.68,4.59,1303.88,1254.52,,,,,,2017-12-16
DHARIWAL TPP,1,L,300.00,0.00,0.00,0.00,195.29,,300.0,01/11/2017 00:01,,NO Power purchase agreement,2017-12-16
DHARIWAL TPP,2,,300.00,4.35,6.27,1042.60,1485.17,,,,,,2017-12-16
GEPL TPP Ph-I,1,L,60.00,0.00,0.00,0.00,0.00,,60.0,29/06/2013 00:00,,NO Power purchase agreement,2017-12-16
GEPL TPP Ph-I,2,L,60.00,0.00,0.00,0.00,0.00,,60.0,20/06/2013 20:27,,NO Power purchase agreement,2017-12-16
GMR WARORA TPS,1,,300.00,4.77,6.61,1248.32,1360.80,,,,,,2017-12-16
GMR WARORA TPS,2,,300.00,4.77,6.09,1248.32,1248.43,,,,,,2017-12-16
JSW RATNAGIRI TPP,1,,300.00,5.26,6.70,1360.16,1665.00,,,,,,2017-12-16
JSW RATNAGIRI TPP,2,S,300.00,4.77,0.00,1248.32,726.52,,300.0,02/12/2017 00:00,"01/01/201800.00.00","RESERVE SHUT DOWN / STANDBYUNIT",2017-12-16
JSW RATNAGIRI TPP,3,,300.00,4.77,5.75,1248.32,1431.14,,,,,,2017-12-16
JSW RATNAGIRI TPP,4,,300.00,0.00,5.81,1240.00,1075.57,,,,,,2017-12-16
LANCO VIDARBHA TPP,1,,0.00,0.00,0.00,0.00,0.00,,,,,unit not yet commissioned,2017-12-16
MIHAN TPS,1,L,61.50,0.00,0.00,0.00,0.00,,61.5,10/01/2013 15:50,,NO Power purchase agreement,2017-12-16
MIHAN TPS,2,L,61.50,0.00,0.00,0.00,0.00,,61.5,05/11/2013 11:53,,NO Power purchase agreement,2017-12-16
MIHAN TPS,3,L,61.50,0.00,0.00,0.00,0.00,,61.5,10/06/2013 18:00,,NO Power purchase agreement,2017-12-16
MIHAN TPS,4,L,61.50,0.00,0.00,0.00,0.00,,61.5,20/08/2013 10:00,,NO Power purchase agreement,2017-12-16
NASIK (P) TPS,1,L,270.00,0.00,0.00,0.00,0.00,,270.0,04/03/2014 18:10,,NO Power purchase agreement,2017-12-16
NASIK (P) TPS,2,L,270.00,0.00,0.00,0.00,0.00,,270.0,16/02/2017 00:46,,NO Power purchase agreement,2017-12-16
NASIK (P) TPS,3,L,270.00,0.00,0.00,0.00,0.50,,270.0,14/04/2017 01:45,,NO Power purchase agreement,2017-12-16
NASIK (P) TPS,4,L,270.00,0.00,0.00,0.00,0.63,,270.0,20/05/2017 00:25,,NO Power purchase agreement,2017-12-16
NASIK (P) TPS,5,L,270.00,0.00,0.00,0.00,0.56,,270.0,30/05/2017 15:24,,NON STABLISED UNIT,2017-12-16
SHIRPUR TPP,1,L,150.00,0.00,0.00,0.00,4.74,,150.0,28/09/2017 21:14,,NON STABLISED UNIT,2017-12-16
TIRORA TPS,1,,660.0,10.58,13.21,2489.28,2286.65,,,,,,2017-12-16
TIRORA TPS,2,,660.0,10.58,13.79,2488.28,2578.01,,,,,,2017-12-16
TIRORA TPS,3,L,660.0,9.87,0.00,2565.92,2492.47,,660.0,17/11/2017 20:59,,AIR PREHEATERS PROBLEM,2017-12-16
TIRORA TPS,4,,660.0,10.58,13.30,2489.28,2714.01,,,,,,2017-12-16
TIRORA TPS,5,,660.0,9.87,13.27,2565.92,2716.61,,,,,,2017-12-16
TROMBAY TPS,,,1250.00,10.19,12.44,3952.04,3614.60,500.00,,,,,2017-12-16
TROMBAY TPS,5,,500.0,10.19,7.59,2651.04,2378.53,,,,,,2017-12-16
TROMBAY TPS,6,L,500.0,0.00,0.00,0.00,0.00,,500.0,15/07/2015 17:08,,RSD/LOW SCHEDULE,2017-12-16
TROMBAY TPS,8,,250.0,0.00,4.85,1301.00,1236.07,,,,,,2017-12-16
WARDHA WARORA TPP,1,L,135.0,0.00,0.00,0.00,0.00,,135.0,16/02/2016 17:19,,RSD/LOW SCHEDULE,2017-12-16
WARDHA WARORA TPP,2,L,135.0,0.00,0.00,0.00,0.00,,135.0,29/02/2016 21:46,,RSD/LOW SCHEDULE,2017-12-16
WARDHA WARORA TPP,3,,135.0,2.13,1.99,528.08,227.68,,,,,,2017-12-16
WARDHA WARORA TPP,4,,135.0,2.13,1.95,528.08,473.07,,,,,,2017-12-16
MANGAON CCPP,,,388.00,1.39,0.00,355.24,0.00,388.00,,,,,2017-12-16
TROMBAY CCPP,,,180.00,2.46,2.63,627.36,947.86,,,,,,2017-12-16
BHANDARDHARA  HPS ST-II,,,34.00,0.16,0.00,23.56,27.48,,,,,,2017-12-16
BHIRA   HPS,,,150.00,1.94,0.37,665.04,261.80,,,,,,2017-12-16
BHIRA PSS  HPS,,,150.00,0.0,2.00,0.00,414.37,,,,,,2017-12-16
BHIVPURI  HPS,,,75.00,0.97,1.39,186.52,190.26,,,,,,2017-12-16
KHOPOLI  HPS,,,72.00,0.65,0.99,200.40,237.31,,,,,,2017-12-16
MAUDA TPS,1,,500.0,4.10,7.00,1065.60,1664.69,,,,,,2017-12-16
MAUDA TPS,2,,500.0,4.42,7.11,1035.72,1533.34,,,,,,2017-12-16
MAUDA TPS,3,S,660.0,3.55,0.00,924.80,1009.36,,660.0,02/12/2017 16:36,,COAL SHORTAGE,2017-12-16
MAUDA TPS,4,,660.0,0.00,8.87,0.00,782.38,,,,,,2017-12-16
SOLAPUR,1,,660.0,0.00,10.32,0.00,572.18,,,,,,2017-12-16
SOLAPUR,2,,0.0,0.00,0.00,0.00,0.00,,,,,unit not yet commissioned,2017-12-16
RATNAGIRI CCPP,,,2220.00,11.82,12.46,3021.12,3191.57,1480.00,,,,,2017-12-16
TARAPUR,1,P,160.0,0.74,0.00,195.84,183.82,,160.0,04/06/2017 19:09,,ENMASS REFUELLING,2017-12-16
TARAPUR,2,,160.0,2.42,3.86,622.72,958.14,,,,,,2017-12-16
TARAPUR,3,,540.0,11.00,13.03,2860.00,2307.64,,,,,,2017-12-16
TARAPUR,4,,540.0,11.00,13.07,2860.00,721.78,,,,,,2017-12-16
DAMODARAM SANJEEVAIAH TPS,1,L,800.0,12.61,0.00,3277.76,1567.58,,800.0,23/11/2017 23:58,,COAL SHORTAGE,2017-12-16
DAMODARAM SANJEEVAIAH TPS,2,L,800.0,12.61,0.00,3277.76,1553.52,,800.0,14/11/2017 23:07,,COAL SHORTAGE,2017-12-16
Dr. N.TATA RAO TPS,1,*,210.0,4.29,3.21,1047.64,501.28,,,14/12/2017 22:24,"16/12/201704.56.00",ECONOMISER TUBE LEAKAGE,2017-12-16
Dr. N.TATA RAO TPS,2,L,210.0,4.68,0.00,1007.88,720.48,,210.0,10/10/2017 13:43,,COAL SHORTAGE,2017-12-16
Dr. N.TATA RAO TPS,3,,210.0,4.26,4.30,1052.16,1039.76,,,,,,2017-12-16
Dr. N.TATA RAO TPS,4,,210.0,4.26,4.42,1052.16,1028.24,,,,,,2017-12-16
Dr. N.TATA RAO TPS,5,,210.0,4.29,4.45,1051.64,1012.12,,,,,,2017-12-16
Dr. N.TATA RAO TPS,6,L,210.0,4.29,0.00,1051.64,915.57,,210.0,29/11/2017 19:06,,"GENERATOR PROTECTION RELAYOPERATION PROBLEM",2017-12-16
Dr. N.TATA RAO TPS,7,,500.0,9.71,10.17,2442.65,2035.99,,,,,,2017-12-16
RAYALASEEMA TPS,1,,210.0,4.26,4.04,1052.16,988.04,,,,,,2017-12-16
RAYALASEEMA TPS,2,,210.0,4.29,4.03,1051.64,948.06,,,,,,2017-12-16
RAYALASEEMA TPS,3,,210.0,4.10,3.87,1065.60,987.00,,,,,,2017-12-16
RAYALASEEMA TPS,4,,210.0,4.29,3.93,1051.64,1011.44,,,,,,2017-12-16
RAYALASEEMA TPS,5,,210.0,4.26,3.94,1052.16,756.37,,,,,,2017-12-16
RAYALASEEMA TPS,6,,0.0,0.00,0.00,0.00,0.00,,,,,unit not yet commissioned,2017-12-16
JEGURUPADU CCPP PH I,,,235.40,0.0,2.44,564.00,794.22,52.80,,,,,2017-12-16
NAGARJUN SGR RBC EXTN. HPS,,,0.00,0.0,0.00,0.00,0.00,,,,,,2017-12-16
NAGARJUN SGR RBC   HPS,,,90.00,0.55,0.85,102.80,37.83,90.00,,,,,2017-12-16
NAGARJUN SGR  TPD,,,50.00,0.81,0.22,117.96,25.60,,,,,,2017-12-16
SRISAILAM  HPS,,,770.00,0.94,0.05,788.04,296.33,,,,,,2017-12-16
UPPER SILERU  HPS,,,240.00,1.16,0.15,274.56,267.22,,,,,,2017-12-16
PAINAMPURAM TPP,1,,660.0,11.23,15.44,2919.68,3534.04,,,,,,2017-12-16
PAINAMPURAM TPP,2,P,660.0,11.23,0.00,2919.68,3504.68,,660.0,30/11/2017 20:45,,"BOILER OVERHAUL/ ANNUALMAINTENANCE",2017-12-16
SGPL TPP,1,,660.0,7.06,12.88,1758.96,3244.54,,,,,,2017-12-16
SGPL TPP,2,,660.0,3.55,14.98,924.80,2999.11,,,,,,2017-12-16
SIMHAPURI TPS,1,L,150.0,1.45,0.00,347.20,0.00,,150.0,18/03/2017 00:08,,RSD/LOW SCHEDULE,2017-12-16
SIMHAPURI TPS,2,L,150.0,1.45,0.00,354.20,0.00,,150.0,27/12/2016 23:08,,RSD/LOW SCHEDULE,2017-12-16
SIMHAPURI TPS,3,L,150.0,1.46,0.00,346.06,5.82,,150.0,10/04/2017 08:48,,RSD/LOW SCHEDULE,2017-12-16
SIMHAPURI TPS,4,L,150.0,1.45,0.00,354.20,19.20,,150.0,07/04/2017 05:25,,RSD/LOW SCHEDULE,2017-12-16
THAMMINAPATNAM TPS,1,L,150.0,1.74,0.00,451.84,185.84,,150.0,31/10/2017 23:55,,RSD/LOW SCHEDULE,2017-12-16
THAMMINAPATNAM TPS,2,L,150.0,1.74,0.00,415.84,401.46,,150.0,01/11/2017 12:14,,BOILER MISC. PROBLEM,2017-12-16
THAMMINAPATNAM TPS,3,,0.0,0.00,0.00,0.00,0.00,,,,,unit not yet commissioned,2017-12-16
THAMMINAPATNAM TPS,4,,0.0,0.00,0.00,0.00,0.00,,,,,unit not yet commissioned,2017-12-16
VIZAG TPP,1,,520.0,6.03,7.74,1417.48,1693.44,,,,,,2017-12-16
VIZAG TPP,2,S,520.0,6.03,0.00,1568.48,1116.05,,520.0,10/12/2017 18:11,"17/12/201700.00.00",COAL SHORTAGE,2017-12-16
GAUTAMI CCPP,,,464.00,0.0,0.00,0.00,0.00,464.00,,,,,2017-12-16
GMR Energy Ltd - Kakinada,,,220.00,0.0,0.00,0.00,0.00,220.00,,,,,2017-12-16
GODAVARI CCPP,,,208.00,2.73,2.72,712.68,246.07,47.00,,,,,2017-12-16
GREL CCPP (Rajahmundry),,,768.00,1.74,0.00,440.84,0.00,,,,,,2017-12-16
JEGURUPADU CCPP PH II,,,220.00,0.26,0.00,68.16,0.00,220.00,,,,,2017-12-16
KONASEEMA CCPP,,,445.00,0.0,0.00,0.00,0.00,445.00,,,,,2017-12-16
KONDAPALLI CCPP,,,350.00,1.65,3.35,422.40,280.95,,,,,,2017-12-16
KONDAPALLI  EXTN CCPP .,,,366.00,0.58,0.00,141.28,0.00,,,,,,2017-12-16
KONDAPALLI ST-3 CCPP,,,742.00,3.8,0.00,996.80,0.00,,,,,,2017-12-16
PEDDAPURAM CCPP,,,220.00,0.0,0.00,0.00,0.00,,,,,,2017-12-16
VEMAGIRI CCPP,,,370.00,1.1,0.00,285.60,0.00,,,,,,2017-12-16
VIJJESWARAM CCPP,,,272.00,1.65,2.32,426.40,952.09,,,,,,2017-12-16
LVS POWER DG,,,36.80,0.0,0.00,0.00,0.00,,,,,,2017-12-16
SIMHADRI,1,,500.0,9.65,8.90,2510.40,2183.76,,,,,,2017-12-16
SIMHADRI,2,,500.0,11.00,8.56,2365.00,1758.76,,,,,,2017-12-16
SIMHADRI,3,,500.0,10.71,5.94,2401.36,1857.70,,,,,,2017-12-16
SIMHADRI,4,,500.0,9.65,8.70,2510.40,2219.55,,,,,,2017-12-16
BELLARY TPS,1,S,500.0,8.87,0.00,2119.92,733.34,,500.0,13/12/2017 11:51,,"GENERATOR PROTECTION RELAYOPERATION PROBLEM",2017-12-16
BELLARY TPS,2,,500.0,8.87,10.63,2119.92,1196.49,,,,,,2017-12-16
BELLARY TPS,3,L,700.0,10.68,0.00,2778.88,328.74,,700.0,29/11/2017 15:34,,COAL SHORTAGE,2017-12-16
RAICHUR TPS,1,L,210.0,3.90,0.00,893.40,835.96,,210.0,17/11/2017 22:12,,"MISC. SHORT DURATIONMAINTENANCE",2017-12-16
RAICHUR TPS,2,P,210.0,5.39,0.00,858.24,735.71,,210.0,10/09/2017 00:10,,"BOILER OVERHAUL/ ANNUALMAINTENANCE",2017-12-16
RAICHUR TPS,3,,210.0,3.75,4.95,980.00,992.25,,,,,,2017-12-16
RAICHUR TPS,4,,210.0,0.00,4.96,871.00,1116.86,,,,,,2017-12-16
RAICHUR TPS,5,S,210.0,4.07,0.00,876.98,830.07,,210.0,05/12/2017 16:35,,GRID MISCELLANEOUS,2017-12-16
RAICHUR TPS,6,,210.0,3.94,4.83,933.04,1023.31,,,,,,2017-12-16
RAICHUR TPS,7,,210.0,3.87,4.89,1011.92,955.44,,,,,,2017-12-16
RAICHUR TPS,8,,250.0,4.65,5.84,1116.40,1326.53,,,,,,2017-12-16
YERMARUS TPP,1,,800.0,10.94,10.25,2851.04,262.75,,,,,,2017-12-16
YERMARUS TPP,2,L,800.0,0.00,0.00,0.00,107.20,,800.0,07/04/2017 20:07,,COLLAPSE OF R.C. BUNKER,2017-12-16
YELHANKA (DG),,,127.92,0.0,0.00,0.00,0.00,,,,,,2017-12-16
ALMATTI DPH  HPS,,,290.00,0.94,1.94,419.04,380.41,,,,,,2017-12-16
BHADRA  HPS,,,39.20,0.0,0.00,39.00,2.74,12.00,,,,,2017-12-16
GERUSUPPA  HPS,,,240.00,1.1,0.14,346.60,177.12,,,,,,2017-12-16
GHAT PRABHA  HPS,,,32.00,0.45,0.00,56.20,20.63,,,,,,2017-12-16
HAMPI  HPS,,,36.00,0.58,0.31,124.28,30.01,,,,,,2017-12-16
JOG  HPS,,,139.20,0.71,0.42,191.36,143.69,,,,,,2017-12-16
KADRA  HPS,,,150.00,0.68,0.12,285.88,167.44,,,,,,2017-12-16
KALINADI  HPS,,,855.00,7.65,0.76,1776.40,1117.09,,,,,,2017-12-16
KALINADI SUPA  HPS,,,100.00,1.55,0.19,228.80,200.79,,,,,,2017-12-16
KODASALI  HPS,,,120.00,0.77,0.10,247.32,135.21,,,,,,2017-12-16
LIGANAMAKKI  HPS,,,55.00,0.77,0.26,135.32,67.10,27.50,,,,,2017-12-16
MUNIRABAD  HPS,,,28.00,0.26,0.10,71.16,39.30,,,,,,2017-12-16
SHARAVATHI  HPS,,,1035.00,13.06,5.55,3096.96,1600.42,,,,,,2017-12-16
SIVASAMUNDRUM  HPS,,,42.00,0.97,0.86,184.52,147.66,,,,,,2017-12-16
T B   DAM  HPS,,,36.00,0.0,0.25,0.00,61.37,,,,,,2017-12-16
VARAHI  HPS,,,460.00,2.26,1.35,722.16,540.29,,,,,,2017-12-16
TORANGALLU TPS(SBU-I),1,,130.0,2.19,2.97,571.04,558.83,,,,,,2017-12-16
TORANGALLU TPS(SBU-I),2,,130.0,2.26,2.62,565.16,616.02,,,,,,2017-12-16
TORANGALLU TPS(SBU-II),,,600.00,7.26,5.35,1836.16,1766.68,300.00,,,,,2017-12-16
TORANGALLU TPS(SBU-II),3,,300.0,3.71,5.35,911.36,936.47,,,,,,2017-12-16
TORANGALLU TPS(SBU-II),4,L,300.0,3.55,0.00,924.80,830.21,,300.0,19/10/2017 21:01,,"RESERVE SHUT DOWN / STANDBYUNIT",2017-12-16
UDUPI TPP,1,,600.0,12.19,13.36,2720.04,2049.13,,,,,,2017-12-16
UDUPI TPP,2,L,600.0,11.77,0.00,2766.32,2211.32,,600.0,31/10/2017 02:12,,CONDENSER LOW VACCUM,2017-12-16
BELLARY DG,,,25.20,0.0,0.00,0.00,0.00,,,,,,2017-12-16
KUDGI STPP,1,*,800.0,3.55,10.50,924.80,1900.98,,,15/12/2017 07:06,"16/12/201701.35.00",TURBINE OIL SYSTEM PROBLEM,2017-12-16
KUDGI STPP,2,L,800.0,0.00,0.00,0.00,244.38,,800.0,02/11/2017 06:34,,NON STABLISED UNIT,2017-12-16
KUDGI STPP,3,L,0.0,0.00,0.00,0.00,0.00,,0.0,22/08/2017 19:25,,unit not yet commissioned,2017-12-16
KAIGA,1,,220.0,4.48,5.32,1167.68,1368.41,,,,,,2017-12-16
KAIGA,2,,220.0,4.48,5.29,1167.68,1326.47,,,,,,2017-12-16
KAIGA,3,,220.0,4.48,4.75,1167.68,1347.63,,,,,,2017-12-16
KAIGA,4,P,220.0,4.35,0.00,1002.60,1347.52,,220.0,25/11/2017 23:51,,ANNUAL MAINTENANCE,2017-12-16
BRAMHAPURAM DG,,,63.96,0.09,0.00,4.44,0.31,,,,,,2017-12-16
KOZHIKODE DG,,,96.0,0.00,0.00,36.00,0.45,,,,,,2017-12-16
IDAMALAYAR  HPS.,,,75.0,0.68,0.94,215.88,156.46,,,,,,2017-12-16
IDUKKI  HPS.,,,780.0,2.90,4.45,1240.40,979.90,130.0,,,,,2017-12-16
KAKKAD  HPS.,,,50.0,0.48,0.44,145.68,113.21,25.0,,,,,2017-12-16
KUTTIYADI ADDL. EXTN.,,,100.0,0.00,0.68,0.00,131.69,,,,,,2017-12-16
KUTTIYADI  HPS.,,,125.0,1.45,0.00,518.20,348.18,25.0,,,,,2017-12-16
LOWER PERIYAR  HPS.,,,180.0,0.84,0.91,445.44,451.89,,,,,,2017-12-16
NARIAMANGLAM  HPS,,,70.0,0.68,0.76,275.88,261.11,,,,,,2017-12-16
PALLIVASAL  HPS.,,,37.5,0.45,0.30,155.20,142.36,7.5,,,,,2017-12-16
PANNIAR  HPS.,,,30.0,0.42,0.66,110.72,94.86,,,,,,2017-12-16
PORINGALKUTTU  HPS.,,,32.0,0.29,0.56,119.64,106.41,8.0,,,,,2017-12-16
SABARIGIRI  HPS.,,,300.0,2.90,2.91,896.40,637.68,100.0,,,,,2017-12-16
SENGULAM  HPS.,,,48.0,0.29,0.21,114.64,120.57,24.0,,,,,2017-12-16
SHOLAYAR  HPS.,,,54.0,0.77,0.86,134.32,125.56,18.0,,,,,2017-12-16
COCHIN CCPP (Liq.),,,174.0,0.00,0.00,0.00,42.65,174.0,,,,,2017-12-16
R. GANDHI CCPP (Liq.),,,359.58,0.09,0.00,25.44,4.19,,,,,,2017-12-16
KARAIKAL CCPP,,,32.5,0.61,0.66,157.76,160.00,,,,,,2017-12-16
METTUR TPS,1,,210.0,4.29,4.32,1051.64,903.90,,,,,,2017-12-16
METTUR TPS,2,S,210.0,0.00,0.00,1065.00,904.06,,210.0,08/12/2017 22:04,,GEN. TRANS DAMAGED,2017-12-16
METTUR TPS,3,,210.0,4.26,4.32,1052.16,809.17,,,,,,2017-12-16
METTUR TPS,4,,210.0,4.68,4.80,1008.88,1021.16,,,,,,2017-12-16
METTUR TPS - II,1,,600.0,10.45,8.86,2402.20,1473.11,,,,,,2017-12-16
NORTH CHENNAI TPS,1,,210.0,4.48,3.75,954.68,930.47,,,,,,2017-12-16
NORTH CHENNAI TPS,2,,210.0,0.00,3.74,1012.28,965.21,,,,,,2017-12-16
NORTH CHENNAI TPS,3,,210.0,4.00,4.36,976.00,973.09,,,,,,2017-12-16
NORTH CHENNAI TPS,4,,600.0,9.61,10.32,2212.76,2185.72,,,,,,2017-12-16
NORTH CHENNAI TPS,5,P,600.0,9.61,0.00,2213.76,1982.29,,600.0,22/11/2017 12:08,,"BOILER OVERHAUL/ ANNUALMAINTENANCE",2017-12-16
TUTICORIN TPS,1,S,210.0,3.29,0.00,704.64,460.92,,210.0,14/12/2017 22:24,,COAL SHORTAGE,2017-12-16
TUTICORIN TPS,2,S,210.0,0.00,1.69,817.00,756.40,,210.0,16/12/2017 11:18,,RSD/LOW SCHEDULE,2017-12-16
TUTICORIN TPS,3,S,210.0,3.29,0.00,806.64,655.64,,210.0,12/12/2017 10:16,,WATER WALL TUBE LEAKAGE,2017-12-16
TUTICORIN TPS,4,S,210.0,3.29,0.00,786.64,965.98,,210.0,15/12/2017 22:13,,COAL SHORTAGE,2017-12-16
TUTICORIN TPS,5,,210.0,3.26,3.60,848.16,825.10,,,,,,2017-12-16
BASIN BRIDGE GT (Liq.),,,120.00,0.0,0.00,0.00,6.12,30.00,,,,,2017-12-16
KOVIKALPAL CCPP,,,107.88,1.0,0.88,264.00,219.26,,,,,,2017-12-16
KUTTALAM CCPP,,,100.00,0.9,0.40,250.40,241.61,,,,,,2017-12-16
VALUTHUR CCPP,,,186.20,2.74,2.86,711.84,893.31,,,,,,2017-12-16
ALIYAR  HPS.,,,60.00,0.32,0.15,113.12,86.95,,,,,,2017-12-16
BHAWANI BARRAGE-II HPS,,,30.00,0.23,0.42,38.68,24.72,,,,,,2017-12-16
BHAWANI BARRAGE-III HPS,,,30.00,0.23,0.00,39.68,0.00,30.00,,,,,2017-12-16
BHAWANI KATTAL,,,30.00,0.26,0.38,45.16,12.18,,,,,,2017-12-16
KADAMPARI  HPS.,,,400.00,0.87,0.74,260.92,226.52,,,,,,2017-12-16
KODAYAR  HPS.,,,100.00,1.07,0.00,150.12,92.92,40.00,,,,,2017-12-16
KUNDAH  HPS.,,,555.00,3.65,1.55,1061.40,508.16,,,,,,2017-12-16
LOWER METTUR  HPS.,,,120.00,1.07,1.17,185.12,93.09,,,,,,2017-12-16
METTUR DAM  HPS.,,,50.00,0.19,0.21,78.04,45.12,,,,,,2017-12-16
METTUR TUNNEL  HPS.,,,200.00,0.87,1.63,240.92,120.75,,,,,,2017-12-16
MOYAR  HPS,,,36.00,0.39,0.14,106.24,56.20,,,,,,2017-12-16
PAPANASAM  HPS.,,,32.00,0.42,0.50,91.72,68.60,,,,,,2017-12-16
PARSON`S VALLEY  HPS.,,,30.00,0.16,0.11,38.56,15.78,,,,,,2017-12-16
PERIYAR  HPS.,,,161.00,1.81,3.25,339.96,211.51,,,,,,2017-12-16
PYKARA  HPS.,,,59.20,0.1,0.00,43.60,1.06,,,,,,2017-12-16
PYKARA ULTMATE  HPS.,,,150.00,1.13,0.66,282.08,160.61,,,,,,2017-12-16
SARKARPATHY  HPS.,,,30.00,0.48,0.53,65.68,59.38,,,,,,2017-12-16
SHOLAYAR HPS &#40;TN&#41;,,,95.00,0.32,0.39,128.12,151.79,,,,,,2017-12-16
SURULIYAR  HPS.,,,35.00,0.48,0.73,63.68,55.89,,,,,,2017-12-16
ITPCL TPP,1,,600.0,5.87,12.49,1396.92,2102.42,,,,,,2017-12-16
ITPCL TPP,2,L,600.0,4.44,0.00,1104.44,1710.20,,600.0,30/11/2017 05:28,,RSD/LOW SCHEDULE,2017-12-16
MUTHIARA TPP,1,L,600.0,6.16,0.00,1602.56,853.72,,600.0,30/11/2017 00:02,,RSD/LOW SCHEDULE,2017-12-16
MUTHIARA TPP,2,,600.0,6.16,12.98,1602.56,1931.46,,,,,,2017-12-16
NEYVELI TPS(Z),1,S,250.0,0.00,1.85,1099.20,637.69,,250.0,16/12/2017 11:00,"16/12/201700.00.00","RESERVE SHUT DOWN / STANDBYUNIT",2017-12-16
TUTICORIN (P) TPP,1,L,150.0,0.00,0.00,0.00,0.00,,150.0,03/04/2016 00:31,,NO Power purchase agreement,2017-12-16
TUTICORIN (P) TPP,2,L,150.0,0.00,0.00,0.00,0.00,,150.0,16/04/2016 01:42,,NO Power purchase agreement,2017-12-16
KARUPPUR CCPP,,,119.80,1.36,1.38,349.76,346.63,,,,,,2017-12-16
P.NALLUR CCPP,,,330.50,0.55,0.00,140.80,0.00,,,,,,2017-12-16
VALANTARVY CCPP,,,52.80,0.81,1.12,212.96,267.51,,,,,,2017-12-16
B. BRIDGE D.G,,,200.00,0.00,0.00,0.00,0.00,,,,,,2017-12-16
SAMALPATTI DG,,,105.70,0.00,0.00,0.00,0.00,,,,,,2017-12-16
SAMAYANALLUR DG,,,106.00,0.00,0.00,0.00,0.00,,,,,,2017-12-16
NEYVELI ( EXT) TPS,1,,210.00,4.45,4.53,977.20,1141.93,,,,,,2017-12-16
NEYVELI ( EXT) TPS,2,,210.00,4.48,4.54,1029.68,1087.13,,,,,,2017-12-16
NEYVELI NEW TPP,1,,0.00,0.00,0.00,0.00,0.00,,,,,unit not yet commissioned,2017-12-16
NEYVELI TPS- I,1,,50.00,0.90,0.92,216.40,202.39,,,,,,2017-12-16
NEYVELI TPS- I,2,,50.00,0.90,0.89,216.40,213.25,,,,,,2017-12-16
NEYVELI TPS- I,3,,50.00,0.90,0.90,216.40,197.62,,,,,,2017-12-16
NEYVELI TPS- I,4,,50.00,0.87,0.97,196.92,210.66,,,,,,2017-12-16
NEYVELI TPS- I,5,,50.00,0.00,0.94,230.01,206.55,,,,,,2017-12-16
NEYVELI TPS- I,6,,50.00,0.00,0.94,199.00,202.44,,,,,,2017-12-16
NEYVELI TPS- I,7,,100.00,1.81,1.44,431.96,383.81,,,,,,2017-12-16
NEYVELI TPS- I,8,,100.00,1.77,1.85,428.32,397.65,,,,,,2017-12-16
NEYVELI TPS- I,9,,100.00,1.81,0.77,431.96,378.47,,,,,,2017-12-16
NEYVELI TPS-II,1,,210.00,4.19,4.24,937.04,1022.15,,,,,,2017-12-16
NEYVELI TPS-II,2,,210.00,4.16,4.18,937.56,1037.45,,,,,,2017-12-16
NEYVELI TPS-II,3,P,210.00,0.00,0.00,1007.00,851.16,,210.0,13/10/2017 00:07,,"SCHEDULED ANNUALMAINTENANCE",2017-12-16
NEYVELI TPS-II,4,,210.00,4.24,3.95,927.44,1109.15,,,,,,2017-12-16
NEYVELI TPS-II,5,,210.00,4.19,3.88,941.04,1018.32,,,,,,2017-12-16
NEYVELI TPS-II,6,,210.00,4.19,3.93,941.04,1033.94,,,,,,2017-12-16
NEYVELI TPS-II,7,,210.00,4.23,4.30,945.68,1054.46,,,,,,2017-12-16
NEYVELI TPS-II EXP,1,S,250.00,4.58,0.00,1052.28,843.81,,250.0,06/12/2017 18:11,,WATER WALL TUBE LEAKAGE,2017-12-16
NEYVELI TPS-II EXP,2,,250.00,4.74,4.04,1032.84,603.84,,,,,,2017-12-16
TUTICORIN (JV) TPP,1,,500.00,9.39,7.29,2301.24,1743.23,,,,,,2017-12-16
TUTICORIN (JV) TPP,2,,500.0,9.38,7.18,2301.38,1908.57,,,,,,2017-12-16
VALLUR TPP,1,,500.0,8.65,7.50,2159.40,2312.79,,,,,,2017-12-16
VALLUR TPP,2,,500.0,9.00,7.58,2115.00,2196.19,,,,,,2017-12-16
VALLUR TPP,3,L,500.0,8.65,0.00,2164.40,591.50,,500.0,04/06/2017 06:10,,"GENERATOR PROTECTION RELAYOPERATION PROBLEM",2017-12-16
KUDANKULAM,1,S,1000.0,0.00,0.00,5268.00,2296.58,,1000.0,10/12/2017 06:20,,GENERATOR EARTH FAULT,2017-12-16
KUDANKULAM,2,,1000.0,19.25,22.58,3544.25,2723.27,,,,,,2017-12-16
MADRAS  A.P.S.,1,,220.0,4.23,5.40,1099.68,1040.92,,,,,,2017-12-16
MADRAS  A.P.S.,2,,220.0,4.13,5.36,1074.08,1216.42,,,,,,2017-12-16
KAKATIYA TPS,1,P,500.0,10.13,1.34,2432.08,2500.08,,500.0,16/12/2017 03:25,,"SCHEDULED ANNUALMAINTENANCE",2017-12-16
KAKATIYA TPS,2,,600.0,11.58,12.71,2782.28,2537.55,,,,,,2017-12-16
KOTHAGUDEM TPS,1,,60.0,0.94,1.12,228.94,273.66,,,,,,2017-12-16
KOTHAGUDEM TPS,2,,60.0,0.94,1.19,228.04,264.12,,,,,,2017-12-16
KOTHAGUDEM TPS,3,L,60.0,0.94,0.00,228.04,52.26,,60.0,20/05/2017 05:23,,TURBINE VIBRATIONS HIGH,2017-12-16
KOTHAGUDEM TPS,4,,60.0,0.94,1.17,243.04,266.18,,,,,,2017-12-16
KOTHAGUDEM TPS,5,P,120.0,1.84,0.00,457.44,493.93,,120.0,08/12/2017 00:58,,"BOILER OVERHAUL/ ANNUALMAINTENANCE",2017-12-16
KOTHAGUDEM TPS,6,,120.0,2.03,1.83,435.48,437.34,,,,,,2017-12-16
KOTHAGUDEM TPS,7,,120.0,2.13,1.67,520.08,489.21,,,,,,2017-12-16
KOTHAGUDEM TPS,8,,120.0,1.75,1.82,457.75,452.29,,,,,,2017-12-16
KOTHAGUDEM TPS (NEW),1,S,250.0,4.58,0.82,1121.28,1090.26,,250.0,16/12/2017 03:46,"23/12/201700.00.00",WATER WALL TUBE LEAKAGE,2017-12-16
KOTHAGUDEM TPS (NEW),2,,250.0,4.35,5.98,1141.60,1295.26,,,,,,2017-12-16
KOTHAGUDEM TPS (NEW),3,,500.0,9.42,12.01,2309.72,2337.75,,,,,,2017-12-16
RAMAGUNDEM - B TPS,1,,62.5,1.26,1.25,309.16,350.11,,,,,,2017-12-16
SINGARENI TPP,1,,600.0,8.19,14.48,2139.04,3206.02,,,,,,2017-12-16
SINGARENI TPP,2,,600.0,6.84,14.48,1777.44,3506.33,,,,,,2017-12-16
LOWER JURALA HPS,,,240.0,0.35,0.00,94.60,205.17,,,,,,2017-12-16
LOWER SILERU  HPS,,,460.0,2.61,4.28,733.76,663.92,115.0,,,,,2017-12-16
NAGARJUN SGR  HPS,,,815.6,2.19,0.66,1133.04,92.29,100.8,,,,,2017-12-16
NAGARJUN SGR  LBC  HPS,,,60.0,0.29,0.21,53.64,11.69,30.0,,,,,2017-12-16
POCHAMPAD  HPS,,,36.0,0.23,0.00,45.68,19.66,27.0,,,,,2017-12-16
PRIYADARSHNI  JURALA  HPS,,,234.0,0.13,0.00,174.08,217.33,,,,,,2017-12-16
PULICHINTALA HPS,,,90.0,0.32,0.00,150.12,6.61,,,,,,2017-12-16
SRISAILAM LB  HPS,,,900.0,2.19,2.87,1072.04,666.82,,,,,,2017-12-16
RAMAGUNDEM STPS,1,,200.0,4.32,4.46,1038.12,1028.06,,,,,,2017-12-16
RAMAGUNDEM STPS,2,,200.0,4.52,4.59,1018.32,961.94,,,,,,2017-12-16
RAMAGUNDEM STPS,3,,200.0,4.06,4.55,1064.96,901.65,,,,,,2017-12-16
RAMAGUNDEM STPS,4,,500.0,11.32,11.35,2542.12,2689.24,,,,,,2017-12-16
RAMAGUNDEM STPS,5,,500.0,10.23,11.51,2659.68,2596.74,,,,,,2017-12-16
RAMAGUNDEM STPS,6,,500.0,10.23,11.50,2659.68,2695.46,,,,,,2017-12-16
RAMAGUNDEM STPS,7,,500.0,10.23,11.80,2659.68,2704.31,,,,,,2017-12-16
AND. NICOBAR DG,,,40.05,0.55,0.27,140.80,160.33,,,,,,2017-12-16
BARAUNI TPS,,,210.00,1.19,0.00,276.04,36.04,210.00,,,,,2017-12-16
BARAUNI TPS,6,P,105.0,0.32,0.00,65.12,0.00,,105.0,17/03/2012 13:15,,"R AND M / REFURBISHMENTWORKS",2017-12-16
BARAUNI TPS,7,L,105.0,0.87,0.00,210.92,36.04,,105.0,07/05/2017 07:26,,WATER WALL TUBE LEAKAGE,2017-12-16
BARAUNI TPS,8,,0.0,0.00,0.00,0.00,0.00,,,,,unit not yet commissioned,2017-12-16
BARAUNI TPS,9,,0.0,0.00,0.00,0.00,0.00,,,,,unit not yet commissioned,2017-12-16
BARH I,1,,0.0,0.00,0.00,0.00,0.00,,,,,unit not yet commissioned,2017-12-16
BARH II,,,1320.00,21.45,30.82,5243.20,6128.19,0,,,,,2017-12-16
BARH II,4,,660.0,10.26,15.42,2668.16,3357.96,,,,,,2017-12-16
BARH II,5,,660.0,11.19,15.40,2575.04,2770.23,,,,,,2017-12-16
KAHALGAON TPS,1,P,210.0,4.19,0.00,944.04,975.56,,210.0,15/11/2017 00:23,,"BOILER OVERHAUL/ ANNUALMAINTENANCE",2017-12-16
KAHALGAON TPS,2,,210.0,4.06,4.34,1056.96,1104.79,,,,,,2017-12-16
KAHALGAON TPS,3,,210.0,3.77,4.67,984.32,1111.35,,,,,,2017-12-16
KAHALGAON TPS,4,,210.0,4.19,4.87,944.09,962.43,,,,,,2017-12-16
KAHALGAON TPS,5,,500.0,9.00,10.18,2340.00,2603.29,,,,,,2017-12-16
KAHALGAON TPS,6,,500.0,9.97,10.13,2243.52,2183.66,,,,,,2017-12-16
KAHALGAON TPS,7,,500.0,9.00,10.20,2340.00,2573.90,,,,,,2017-12-16
MUZAFFARPUR TPS,1,,110.0,1.39,2.30,355.24,292.60,,,,,,2017-12-16
MUZAFFARPUR TPS,2,P,110.0,1.52,0.00,343.32,231.57,,110.0,27/11/2017 00:00,,"BOILER OVERHAUL/ ANNUALMAINTENANCE",2017-12-16
MUZAFFARPUR TPS,3,,195.0,0.94,3.44,251.04,320.70,,,,,,2017-12-16
MUZAFFARPUR TPS,4,L,195.0,0.84,0.00,63.44,280.22,,195.0,04/11/2017 11:30,,RAW WATER SHORTAGE,2017-12-16
NABI NAGAR TPP,1,*,250.0,4.65,0.36,1210.40,411.83,,250.0,16/12/2017 18:21,"16/12/201723.16.00","STATION TRANSFORMERPROBLEM",2017-12-16
NABI NAGAR TPP,2,L,250.00,4.39,0.00,338.24,172.08,,250.0,30/11/2017 20:23,,RSD/LOW SCHEDULE,2017-12-16
NABI NAGAR TPP,3,,0.00,0.00,0.00,0.00,0.00,,,,,unit not yet commissioned,2017-12-16
NABI NAGAR TPP,4,,0.00,0.00,0.00,0.00,0.00,,,,,unit not yet commissioned,2017-12-16
NEW NABI NAGAR TPP,1,,0.00,0.00,0.00,0.00,0.00,,,,,unit not yet commissioned,2017-12-16
TENUGHAT TPS,1,,210.00,3.16,4.04,768.56,586.05,,,,,,2017-12-16
TENUGHAT TPS,2,,210.00,3.16,4.27,768.56,620.78,,,,,,2017-12-16
SUBERNREKHA  HPS.,,,130.00,0.32,0.00,117.12,167.11,,,,,,2017-12-16
JOJOBERA TPS,,,240.00,4.58,4.13,1185.28,1159.05,0.0,,,,,2017-12-16
JOJOBERA TPS,2,,120.00,2.29,1.97,592.64,575.29,,,,,,2017-12-16
JOJOBERA TPS,3,,120.00,2.29,2.16,592.64,583.76,,,,,,2017-12-16
JOJOBERA TPS,4,,0.00,0.00,0.00,0.00,0.00,,0.0,,,,2017-12-16
MAHADEV PRASAD STPP,1,,270.00,4.65,6.49,1210.40,1401.76,,,,,,2017-12-16
MAHADEV PRASAD STPP,2,L,270.00,4.65,0.00,1210.40,803.77,,270.0,07/09/2017 06:02,,ROTOR/ ROTOR EARTH FAULT,2017-12-16
MAITHON RB TPP,1,P,525.00,11.06,0.00,2522.96,2151.22,,525.0,27/10/2017 22:07,,"BOILER INSPECTION/ RE-CERTIFICATION",2017-12-16
MAITHON RB TPP,2,,525.00,10.10,11.90,2625.60,2961.92,,,,,,2017-12-16
MAITRISHI USHA TPS,1,,0.00,0.00,0.00,0.00,0.00,,,,,unit not yet commissioned,2017-12-16
MAITRISHI USHA TPS,2,,0.00,0.00,0.00,0.00,0.00,,,,,unit not yet commissioned,2017-12-16
BOKARO `B` TPS,1,L,0.0,1.52,0.00,392.32,25.23,,0.0,18/05/2017 15:58,,WATER WALL TUBE LEAKAGE,2017-12-16
BOKARO `B` TPS,2,L,0.0,1.52,0.00,392.32,167.77,,0.0,20/06/2017 05:52,,RSD/LOW SCHEDULE,2017-12-16
BOKARO `B` TPS,3,S,210.0,1.52,0.00,364.32,212.58,,210.0,13/12/2017 00:05,,ECONOMISER TUBE LEAKAGE,2017-12-16
BOKARO TPS `A` EXP,1,,500.0,6.16,9.24,1602.56,1908.26,,,,,,2017-12-16
CHANDRAPURA(DVC) TPS,,,630.00,12.55,10.65,3202.80,2983.08,3,130.00,,,,2017-12-16
CHANDRAPURA(DVC) TPS,2,L,0.0,1.58,0.00,376.28,109.32,,0.0,01/06/2017 21:36,,TURBINE VIBRATIONS HIGH,2017-12-16
CHANDRAPURA(DVC) TPS,3,L,130.0,1.58,0.00,384.28,211.79,,130.0,18/08/2017 04:35,,WATER WALL TUBE LEAKAGE,2017-12-16
CHANDRAPURA(DVC) TPS,7,,250.0,4.68,5.77,1218.88,1337.28,,,,,,2017-12-16
CHANDRAPURA(DVC) TPS,8,,250.0,4.71,4.88,1223.36,1324.69,,,,,,2017-12-16
KODARMA TPP,1,,500.0,7.35,10.03,1909.60,1553.12,,,,,,2017-12-16
KODARMA TPP,2,,500.0,7.35,10.01,1722.60,2272.92,,,,,,2017-12-16
PATRATU TPS,,,0.00,2.55,0.00,1014.80,0.00,0.00,,,,,2017-12-16
PATRATU TPS,4,L,0.0,0.00,0.00,100.00,0.00,,0.0,12/11/2016 06:11,,"VINTAGE UNIT WITHDRAWN ANDCLOSED FOR OPERATION",2017-12-16
PATRATU TPS,6,L,0.0,0.00,0.00,250.00,0.00,,0.0,11/08/2015 16:25,,"VINTAGE UNIT WITHDRAWN ANDCLOSED FOR OPERATION",2017-12-16
PATRATU TPS,7,L,0.0,0.00,0.00,0.00,0.00,,0.0,30/09/2010 09:55,,"VINTAGE UNIT WITHDRAWN ANDCLOSED FOR OPERATION",2017-12-16
PATRATU TPS,9,L,0.0,1.26,0.00,328.16,0.00,,0.0,10/08/2006 19:55,,"VINTAGE UNIT WITHDRAWN ANDCLOSED FOR OPERATION",2017-12-16
PATRATU TPS,10,L,0.0,1.29,0.00,336.64,0.00,,0.0,23/01/2017 09:32,,"VINTAGE UNIT WITHDRAWN ANDCLOSED FOR OPERATION",2017-12-16
MAITHON  HPS.,,,63.20,0.06,0.09,97.96,99.28,,,,,,2017-12-16
PANCHET  HPS.,,,80.00,0.06,0.08,111.96,116.60,40.00,,,,,2017-12-16
IB VALLEY TPS,1,,210.0,4.52,3.62,1078.32,986.47,,,,,,2017-12-16
IB VALLEY TPS,2,,210.0,4.55,4.08,1021.80,908.84,,,,,,2017-12-16
IB VALLEY TPS,3,,0.0,0.00,0.00,0.00,0.00,,,,,unit not yet commissioned,2017-12-16
BALIMELA  HPS.,,,510.00,1.84,1.41,1003.44,1296.42,60.00,,,,,2017-12-16
CHIPLIMA HPS,,,72.00,0.97,0.00,234.52,201.31,24.00,,,,,2017-12-16
HIRAKUD HPS,,,275.50,1.23,0.45,590.68,547.81,124.50,,,,,2017-12-16
MACHKUND  HPS,,,114.75,1.26,1.25,343.16,324.89,,,,,,2017-12-16
RENGALI  HPS.,,,250.00,1.06,0.44,617.96,660.41,50.00,,,,,2017-12-16
UPPER  INDRAVATI  HPS.,,,600.00,1.58,1.38,1574.28,1385.15,150.00,,,,,2017-12-16
UPPER KOLAB  HPS.,,,320.00,0.97,0.77,658.52,539.14,160.00,,,,,2017-12-16
DERANG TPP,1,,600.0,9.06,10.27,2348.96,803.91,,,,,,2017-12-16
DERANG TPP,2,L,600.0,9.06,0.00,2348.96,1493.08,,600.0,09/11/2017 16:44,,MAIN STEAM LINE PROBLEM,2017-12-16
ICCL IMP,,,0.00,0.77,0.13,208.32,190.01,,,,,,2017-12-16
ICCL IMP,2,,0.0,0.77,0.13,208.32,190.01,,,,,,2017-12-16
KAMALANGA TPS,1,S,350.0,5.48,0.00,1423.68,1009.55,,350.0,09/12/2017 02:11,,COAL SHORTAGE,2017-12-16
KAMALANGA TPS,2,,350.0,5.87,6.03,1378.92,1551.13,,,,,,2017-12-16
KAMALANGA TPS,3,,350.0,5.48,4.01,1423.68,1395.95,,,,,,2017-12-16
LANCO BABANDH TPP,1,,0.0,0.00,0.00,0.00,0.00,,,,,unit not yet commissioned,2017-12-16
NALCO IMP,1,,0.0,0.68,0.75,178.88,210.95,,,,,,2017-12-16
STERLITE TPP,1,L,600.0,0.00,0.00,0.00,0.00,,600.0,15/12/2016 23:53,,"out from installed capacity/plfcalculation",2017-12-16
STERLITE TPP,2,L,600.0,8.23,0.00,2136.68,684.87,,600.0,28/06/2017 00:00,,SEAL OIL SYSTEM PROBLEM,2017-12-16
STERLITE TPP,3,L,0.0,0.00,0.00,0.00,0.00,,0.0,01/03/2017 00:00,,"out from installed capacity/plfcalculation",2017-12-16
STERLITE TPP,4,L,0.0,0.00,0.00,0.00,0.00,,0.0,01/03/2017 00:00,,"out from installed capacity/plfcalculation",2017-12-16
UTKAL TPP (IND BARATH),1,L,350.0,0.00,0.00,0.00,0.00,,350.0,29/02/2016 00:13,,TRANSMISSION CONSTRAINTS,2017-12-16
UTKAL TPP (IND BARATH),2,,0.00,0.00,0.00,0.00,0.00,,,,,unit not yet commissioned,2017-12-16
TALCHER (OLD) TPS,1,,60.00,1.39,1.50,316.24,384.82,,,,,,2017-12-16
TALCHER (OLD) TPS,2,,60.00,1.32,1.48,325.12,360.85,,,,,,2017-12-16
TALCHER (OLD) TPS,3,,60.00,1.32,1.49,325.12,353.93,,,,,,2017-12-16
TALCHER (OLD) TPS,4,,60.00,1.32,1.49,325.12,360.51,,,,,,2017-12-16
TALCHER (OLD) TPS,5,,110.00,2.68,2.66,593.88,530.05,,,,,,2017-12-16
TALCHER (OLD) TPS,6,,110.00,0.00,2.65,624.10,642.90,,,,,,2017-12-16
TALCHER STPS,1,P,500.00,11.03,0.00,2592.48,2528.06,,500.0,25/11/2017 04:20,,"BOILER OVERHAUL/ ANNUALMAINTENANCE",2017-12-16
TALCHER STPS,2,,500.00,10.26,11.73,2668.16,2893.48,,,,,,2017-12-16
TALCHER STPS,3,,500.00,11.71,11.80,2520.36,2355.86,,,,,,2017-12-16
TALCHER STPS,4,,500.00,11.71,11.84,2520.36,2347.98,,,,,,2017-12-16
TALCHER STPS,5,,500.00,10.26,11.87,2668.16,2865.22,,,,,,2017-12-16
TALCHER STPS,6,,500.00,10.26,11.97,2668.16,2878.44,,,,,,2017-12-16
TEESTA-III HPS,,,1200.00,6.13,5.94,4608.08,3912.31,,,,,,2017-12-16
CHUZACHEN HPS,,,110.00,0.48,0.41,453.68,415.12,,,,,,2017-12-16
DIKCHU HPS,,,96.00,0.00,0.35,0.00,345.72,,,,,,2017-12-16
JORETHANG LOOP,,,96.00,0.35,0.53,422.60,372.77,,,,,,2017-12-16
TASHIDING HPS,,,97.00,0.35,0.55,363.60,24.11,,,,,,2017-12-16
RANGIT HPS,,,60.00,0.61,0.60,292.76,298.22,,,,,,2017-12-16
TEESTA V HPS,,,510.00,0.00,3.35,2206.00,2515.50,170.0,,,,,2017-12-16
BAKRESWAR TPS,1,,210.0,4.55,3.76,1020.80,1036.99,,,,,,2017-12-16
BAKRESWAR TPS,2,,210.0,4.10,3.82,1065.60,1134.25,,,,,,2017-12-16
BAKRESWAR TPS,3,,210.0,4.10,3.74,1065.60,1010.76,,,,,,2017-12-16
BAKRESWAR TPS,4,,210.0,4.35,3.83,1042.60,952.00,,,,,,2017-12-16
BAKRESWAR TPS,5,S,210.0,4.35,0.00,1041.60,1105.58,,210.0,14/12/2017 22:04,,COAL SHORTAGE,2017-12-16
BANDEL TPS,1,,60.0,0.48,0.79,123.68,179.22,,,,,,2017-12-16
BANDEL TPS,2,,60.0,0.00,0.91,95.00,181.62,,,,,,2017-12-16
BANDEL TPS,3,L,60.0,0.48,0.00,80.68,69.89,,60.0,14/10/2017 05:45,,SUPER HEATER TUBE LEAKAGE,2017-12-16
BANDEL TPS,4,S,60.0,0.65,0.00,87.40,90.57,,60.0,01/12/2017 05:36,,"MISC. SHORT DURATIONMAINTENANCE WORKS",2017-12-16
BANDEL TPS,5,*,210.0,0.00,1.15,824.00,861.12,,210.0,13/12/2017 17:03,"16/12/201715.35.00",REHEATER TUBE LEAKAGE,2017-12-16
D.P.L. TPS,,,660.00,3.42,5.22,1726.74,1874.19,13,360.00,,,,2017-12-16
D.P.L. TPS,6,L,110.0,0.00,0.00,0.00,3.76,,110.0,05/11/2017 15:43,,"ELECTRICAL MISCELLANEOUSPROBLEMS",2017-12-16
D.P.L. TPS,7,,300.0,0.00,5.22,888.02,974.26,,,,,,2017-12-16
D.P.L. TPS,8,S,250.0,3.42,0.00,838.72,896.17,,250.0,12/12/2017 18:15,,"ELECTRICAL MISCELLANEOUSPROBLEMS",2017-12-16
KOLAGHAT TPS,1,,210.0,2.10,2.98,530.60,635.89,,,,,,2017-12-16
KOLAGHAT TPS,2,,210.0,2.23,2.83,579.68,367.22,,,,,,2017-12-16
KOLAGHAT TPS,3,L,210.0,0.00,0.00,299.00,0.00,,210.0,22/02/2017 05:05,,POLLUTION PROBLEM,2017-12-16
KOLAGHAT TPS,4,,210.0,2.87,3.76,745.92,882.13,,,,,,2017-12-16
KOLAGHAT TPS,5,,210.0,4.08,4.84,1057.28,1065.22,,,,,,2017-12-16
KOLAGHAT TPS,6,L,210.0,3.94,0.00,777.04,266.78,,210.0,11/06/2017 01:36,,STATOR/ STATOR EARTH FAULT,2017-12-16
SAGARDIGHI TPS,1,,300.0,3.74,6.89,956.84,1097.34,,,,,,2017-12-16
SAGARDIGHI TPS,2,L,300.0,0.00,0.00,1040.00,1222.69,,300.0,16/11/2017 20:15,,SUPER HEATER TUBE LEAKAGE,2017-12-16
SAGARDIGHI TPS,3,,500.0,4.65,8.05,1210.40,1205.02,,,,,,2017-12-16
SAGARDIGHI TPS,4,L,500.0,2.87,0.00,745.92,861.46,,500.0,09/11/2017 16:19,,"MISC. SHORT DURATIONMAINTENANCE",2017-12-16
SANTALDIH TPS,,,500.00,11.45,5.91,2798.20,1785.75,5,250.00,,,,2017-12-16
SANTALDIH TPS,5,L,250.0,5.74,0.00,1347.84,295.04,,250.0,26/05/2017 01:10,,STATOR/ STATOR EARTH FAULT,2017-12-16
SANTALDIH TPS,6,,250.0,5.71,5.91,1450.36,1490.71,,,,,,2017-12-16
HALDIA GT (Liq.),,,40.00,0.0,0.00,0.00,0.00,40.00,,,,,2017-12-16
KASBA GT (Liq.),,,40.00,0.0,0.00,0.00,0.00,40.00,,,,,2017-12-16
JALDHAKA  HPS ST-I,,,36.00,0.13,0.37,142.08,114.75,18.00,,,,,2017-12-16
PURULIA PSS  HPS.,,,900.00,3.23,1.33,851.68,717.56,,,,,,2017-12-16
RAMMAM  HPS.,,,50.00,0.39,0.43,207.24,90.04,12.50,,,,,2017-12-16
BUDGE BUDGE TPS,1,,250.0,5.50,6.01,1436.00,1555.09,,,,,,2017-12-16
BUDGE BUDGE TPS,2,P,250.0,0.00,0.00,1354.19,1399.21,,250.0,24/11/2017 12:44,,"BOILER OVERHAUL/ ANNUALMAINTENANCE",2017-12-16
BUDGE BUDGE TPS,3,,250.0,5.29,6.00,1343.64,1419.84,,,,,,2017-12-16
CHINAKURI TPS,1,,0.0,0.00,0.00,0.00,0.00,,0.0,,,,2017-12-16
CHINAKURI TPS,2,,0.0,0.00,0.00,0.00,0.00,,0.0,,,,2017-12-16
CHINAKURI TPS,3,,0.0,0.00,0.00,0.00,0.00,,0.0,,,,2017-12-16
HALDIA TPP,1,,300.0,6.00,6.41,1560.00,1630.22,,,,,,2017-12-16
HALDIA TPP,2,,300.0,5.74,6.65,1495.84,1628.42,,,,,,2017-12-16
INDIA POWER TPP (HALDIA),1,L,150.0,0.00,0.00,0.00,12.17,,150.0,12/06/2017 11:12,,NON STABLISED UNIT,2017-12-16
INDIA POWER TPP (HALDIA),2,,0.0,0.00,0.00,0.00,0.00,,,,,unit not yet commissioned,2017-12-16
INDIA POWER TPP (HALDIA),3,,0.0,0.00,0.00,0.00,0.00,,,,,unit not yet commissioned,2017-12-16
INDIA POWER TPP (HALDIA),1,S,67.5,0.46,0.00,124.06,101.59,,67.5,15/12/2017 22:17,,RSD/LOW SCHEDULE,2017-12-16
INDIA POWER TPP (HALDIA),2,S,67.5,0.48,0.00,127.68,142.20,,67.5,15/12/2017 22:44,,RSD/LOW SCHEDULE,2017-12-16
TITAGARH TPS,1,L,60.0,0.00,0.00,0.00,0.00,,60.0,10/10/2016 04:57,,"RESERVE SHUT DOWN / STANDBYUNIT",2017-12-16
TITAGARH TPS,2,L,60.0,0.00,0.00,0.00,0.00,,60.0,09/10/2016 04:57,,"RESERVE SHUT DOWN / STANDBYUNIT",2017-12-16
TITAGARH TPS,3,L,60.0,0.00,0.00,0.00,0.00,,60.0,10/10/2016 04:18,,"RESERVE SHUT DOWN / STANDBYUNIT",2017-12-16
TITAGARH TPS,4,L,60.0,0.00,0.00,0.00,0.00,,60.0,09/10/2016 05:36,,"RESERVE SHUT DOWN / STANDBYUNIT",2017-12-16
DURGAPUR STEEL TPS,1,,500.0,9.19,10.25,2383.04,1871.37,,,,,,2017-12-16
DURGAPUR STEEL TPS,2,,500.0,9.23,10.30,2153.68,2394.68,,,,,,2017-12-16
DURGAPUR TPS,,,210.00,0.94,4.22,243.04,499.36,26,210.00,,,,2017-12-16
DURGAPUR TPS,4,*,210.0,0.94,4.22,243.04,499.36,,210.0,16/12/2017 19:10,"16/12/201720.25.00","FURNACE FIRE OUT /FLAMEFAILURE",2017-12-16
FARAKKA STPS,1,,200.0,3.94,3.94,879.04,881.00,,,,,,2017-12-16
FARAKKA STPS,2,,200.0,3.55,3.93,920.80,926.26,,,,,,2017-12-16
FARAKKA STPS,3,,200.0,3.94,3.95,879.04,852.63,,,,,,2017-12-16
FARAKKA STPS,4,,500.0,10.06,9.24,2163.96,2319.65,,,,,,2017-12-16
FARAKKA STPS,5,,500.0,9.16,9.51,2263.56,2064.19,,,,,,2017-12-16
FARAKKA STPS,6,,500.0,0.00,7.60,2289.00,2170.26,,,,,,2017-12-16
MEJIA TPS,1,,210.0,0.00,4.47,608.00,848.03,,,,,,2017-12-16
MEJIA TPS,2,S,210.0,2.42,0.00,630.72,729.93,,210.0,02/12/2017 01:46,,RSD/LOW SCHEDULE,2017-12-16
MEJIA TPS,3,,210.0,2.45,4.51,580.20,810.10,,,,,,2017-12-16
MEJIA TPS,4,,210.0,2.45,4.58,580.20,477.72,,,,,,2017-12-16
MEJIA TPS,5,L,250.0,4.03,0.00,1040.48,810.79,,250.0,22/09/2017 00:09,,WATER WALL TUBE LEAKAGE,2017-12-16
MEJIA TPS,6,,250.0,3.77,5.79,980.32,1366.40,,,,,,2017-12-16
MEJIA TPS,7,,500.0,8.77,10.64,2132.32,2582.15,,,,,,2017-12-16
MEJIA TPS,8,L,500.0,8.78,0.00,2272.48,970.61,,500.0,07/08/2017 03:10,,COAL SHORTAGE,2017-12-16
RAGHUNATHPUR TPP,1,L,600.0,2.74,0.00,711.84,938.73,,600.0,58,,COAL SHORTAGE,2017-12-16
RAGHUNATHPUR TPP,2,,600.0,2.74,9.14,711.84,588.64,,,,,,2017-12-16
TEESTA LOW DAM-III HPS,,,132.00,0.68,0.60,474.88,336.95,,,,,,2017-12-16
TEESTA LOW DAM-IV HPS,,,160.00,0.9,0.84,637.40,431.85,,,,,,2017-12-16
KAMENG HPS,,,0.00,3.9,0.00,102.40,0.00,,,,,,2017-12-16
PARE,,,0.00,0.87,0.00,133.92,0.00,,,,,,2017-12-16
RANGANADI  HPS.,,,405.00,1.29,1.57,1066.64,1268.90,,,,,,2017-12-16
RANGANADI  HPS.,1,L,0.0,0.00,0.00,0.00,0.00,,0.0,07/05/1999 07:00,,UNECONOMICAL OPERATION,2017-12-16
RANGANADI  HPS.,2,L,0.0,0.00,0.00,0.00,0.00,,0.0,16/06/1999 23:20,,UNECONOMICAL OPERATION,2017-12-16
LAKWA GT,,,127.20,2.45,2.64,627.20,518.38,15.00,,,,,2017-12-16
NAMRUP CCPP,,,161.25,0.9,0.42,234.40,217.20,0.00,,,,,2017-12-16
KARBI LANGPI  HPS.,,,100.00,0.48,0.86,360.68,427.37,,,,,,2017-12-16
BONGAIGAON TPP,1,,250.0,4.35,4.95,1141.60,572.38,,,,,,2017-12-16
BONGAIGAON TPP,2,,250.0,0.00,4.63,0.00,207.45,,,,,,2017-12-16
BONGAIGAON TPP,3,,0.00,0.00,0.00,0.00,0.00,,,,,unit not yet commissioned,2017-12-16
KATHALGURI CCPP,,,291.0,4.77,2.32,1231.32,1113.31,,,,,,2017-12-16
KOPILI  HPS.,,,225.0,1.35,4.83,836.60,1014.94,,,,,,2017-12-16
LEIMAKHONG DG,,,36.0,0.00,0.00,0.00,0.00,,,,,,2017-12-16
LOKTAK  HPS.,,,105.0,1.81,2.54,470.96,651.06,,,,,,2017-12-16
KYRDEMKULAI  HPS.,,,60.0,0.32,0.07,100.12,94.68,,,,,,2017-12-16
MYNTDU(LESHKA) St-1 HPS,,,126.0,0.26,0.77,409.16,493.10,,,,,,2017-12-16
NEW UMTRU HPS,,,40.0,0.19,0.34,39.04,121.27,20.00,,,,,2017-12-16
UMIAM  HPS ST-I,,,36.0,0.32,0.41,83.12,98.32,9.00,,,,,2017-12-16
UMIAM HPS ST-IV,,,60.0,0.45,0.20,153.20,177.20,,,,,,2017-12-16
KHONDONG  HPS.,,,50.0,0.16,0.12,166.56,247.75,,,,,,2017-12-16
TUIRIAL HPS,,,60.0,0.48,0.77,69.68,18.37,,,,,,2017-12-16
DOYANG  HPS.,,,75.0,0.23,0.30,212.68,257.76,25.0,,,,,2017-12-16
BARAMURA GT,,,58.5,0.54,0.49,145.64,125.70,,,,,,2017-12-16
ROKHIA GT,,,111.0,1.09,1.12,277.44,298.50,16.0,,,,,2017-12-16
AGARTALA GT,,,135.0,2.72,1.76,693.52,496.49,,,,,,2017-12-16
MONARCHAK CCPP,,,101.0,0.00,1.92,0.00,496.64,,,,,,2017-12-16
null,,,0.0,10.81,4.29,4263.96,4738.04,,,,,,2017-12-16
CHUKHA,,,0.0,5.94,0.83,862.04,1524.53,,,,,,2017-12-16
KURICHU,,,0.0,0.42,0.28,237.72,365.91,,,,,,2017-12-16
TALA,,,0.0,4.45,3.18,3164.20,2847.60,,,,,,2017-12-16
